lyrics_tokens,song_name,artist
ที่ เธอ เป็น เธอ อย่างนี้ นะ ดี อยู่แล้ว ที่ เป็น เธอ แบบนี้ นะ ดี อยู่แล้ว เป็นความ ธรรมดา ที่ แสน จะ พิเศษ มากกว่า ใคร ใด ใด ทั้งนั้น หน้าม้า ที่ เธอ ชอบ บ่นว่า ไม่ เท่ากัน สำหรับ ฉัน ว่า มันดี ที่สุด ใน ใจ แล้ว หาง คิ้ว ของ เธอ ที่ เขียน ไม่ เคย เท่ากัน รู้ บ้าง ไหม ว่า มันดี ที่สุด ใน ใจ ฉัน แล้ว ไม่ต้อง พยายาม ไม่ต้อง เปลี่ยนแปลง อะไร มากมาย ก็ได้ หรอก เธอ เพียงเท่านี้ ก็ น่ารัก ดี อยู่แล้ว ที่ เธอ เป็น เธอ อย่างนี้ นะ ดี อยู่แล้ว ที่ เป็น เธอ แบบนี้ นะ ดี อยู่แล้ว เป็นความ ธรรมดา ที่ แสน จะ พิเศษ มากกว่า ใคร ใด ใด ทั้งนั้น ที่ เธอ ยิ้ม อย่างนี้ นะ ดี อยู่แล้ว ที่ เธอ เป็น แบบนี้ นะ ดี อยู่แล้ว คน ที่ ฉัน ต้องการ มากมาย ที่สุด ก็ คือ เธอ แค่ เพียงผู้เดียว เท่านั้น ดวงดาว ใด เล่า จะ งดงาม เท่า ดวงตา ของ เธอ ดวงตา ของ เธอ ฉัน ว่า ไม่ มี แล้ว หญิง งาม ใด เล่า จะ งดงาม เท่า ดวงใจ ของ เธอ ดวงใจ ของ เธอ ฉัน ว่า ไม่ มี แล้ว ไม่ต้อง พยายาม ไม่ต้อง เปลี่ยนแปลง อะไร มากมาย ก็ได้ หรอก เธอ เพียงเท่านี้ ก็ น่ารัก ดี อยู่แล้ว ที่ เธอ เป็น เธอ อย่างนี้ นะ ดี อยู่แล้ว ที่ เป็น เธอ แบบนี้ นะ ดี อยู่แล้ว เป็นความ ธรรมดา ที่ แสน จะ พิเศษ มากกว่า ใคร ใด ใด ทั้งนั้น ที่ เธอ ยิ้ม อย่างนี้ นะ ดี อยู่แล้ว ที่ เธอ เป็น แบบนี้ นะ ดี อยู่แล้ว คน ที่ ฉัน ต้องการ มากมาย ที่สุด ก็ คือ เธอ แค่ เพียงผู้เดียว เท่านั้น แบบนี้ นะ ดี อยู่แล้ว แบบนี้ นะ ดี อยู่แล้ว แบบนี้ นะ ดี อยู่แล้ว แบบนี้ นะ ที่ เธอ เป็น เธอ อย่างนี้ นะ ดี อยู่แล้ว ที่ เป็น เธอ แบบนี้ นะ ดี อยู่แล้ว เป็นความ ธรรมดา ที่ แสน จะ พิเศษ มากกว่า ใคร ใด ใด ทั้งนั้น ที่ เธอ ยิ้ม อย่างนี้ นะ ดี อยู่แล้ว ที่ เธอ เป็น แบบนี้ นะ ดี อยู่แล้ว คน ที่ ฉัน ต้องการ มากมาย ที่สุด ก็ คือ เธอ แค่ เพียงผู้เดียว เท่านั้น ฮู ฮู,Extraordinary,Anatomy Rabbit
ข้าง กาย ช่าง เดียวดาย ใน วันที่ ฝน พรำ ฝน พรำ ฝน พรำ ฝน พรำ ห้องนอน ช่าง ว่างเปล่า ใน คืน ที่ เธอ จากไป จากไป จากไป จากไป ยังคง หา คำตอบ ว่า เพราะอะไร อะไร อะไร อะไร เมื่อก่อน ไม่ มี เธอ ฉัน ก็ ยังอยู่ ไหว อยู่ ไหว อยู่ ไหว อยู่ ไหว อยู่ ใน วันที่ แสง ส่อง ฟ้า สว่าง อา อ๊า อ่า จิตใจ กลับ พลัน มืดมน เหตุ เพราะ ความรัก จาก เธอ กลับ ต้อง มา ช้ำใจ เสียใจ อา อ๊า อ่า เมื่อ เธอ หาย ไป เมื่อ เธอ หาย ไป เมื่อ เธอ หาย ไป เมื่อ เธอ หาย ไป เมื่อ เธอ หาย ไป ใน วันที่ แสง ส่อง ฟ้า สว่าง อา อ๊า อ่า จิตใจ กลับ พลัน มืดมน เหตุ เพราะ ความรัก จาก เธอ กลับ ต้อง มา ช้ำใจ เสียใจ อา อ๊า อ่า เมื่อ เธอ หาย ไป เมื่อ เธอ หาย ไป เมื่อ เธอ หาย ไป เมื่อ เธอ หาย ไป เมื่อ เธอ หาย ไป ใน วันที่ แสง ส่อง ฟ้า สว่าง อา อ๊า อ่า จิตใจ กลับ พลัน มืดมน เหตุ เพราะ ความรัก จาก เธอ กลับ ต้อง มา ช้ำใจ เสียใจ อา อ๊า อ่า เมื่อ เธอ หาย ไป เมื่อ เธอ หาย ไป เมื่อ เธอ หาย ไป เมื่อ เธอ หาย ไป เมื่อ เธอ หาย ไป,wonder why,Anatomy Rabbit
ใน วันที่ ความรัก สอง เรา นั้น ไป ต่อ ไม่ ไหว ใน วันที่ ใจ ของ เธอ เปลี่ยน ผัน ไป ไม่ เหมือนก่อน เรา คง มา ไกล ได้ เท่านี้ หาก ฉัน ไม่ ได้ อยู่ ดูแล เหมือน วันก่อน ช่วย บอก ได้ ไหม ว่า จะ เข้มแข็ง หาก ฉัน ไม่ ได้ อยู่ ข้าง เธอ ดั่ง วันวาน อยาก จะ ขอให้ เธอ ได้ เจอ แต่ คน ที่ แสน ดี อย่า ได้ ไป เจอ ใคร ที่ ทำร้าย หัวใจ ขอให้ โลก ใบ นี้ ใจดี กับ เธอ ใน วันที่ ไม่ มี ฉัน อยู่ ขอให้ โลก ใบ นี้ ไม่ ทำร้าย เธอ ใน วันที่ ไม่ มี ฉัน อยู่ จริง ๆ ตอนนั้น ก็ดี จริง ๆ ใจ ฉัน ไม่ อยาก เสีย เธอ ไป แต่ กาลเวลา ใจร้าย เหลือเกิน ที่ นำพา เธอ ให้ ไกล จาก ฉัน โอ้ กาลเวลา ใจร้าย เหลือเกิน ที่ ทำให้ ใจ ของ เธอ เปลี่ยนไป อยาก จะ ขอให้ เธอ ได้ เจอ แต่ คน ที่ แสน ดี อย่า ได้ ไป เจอ ใคร ที่ ทำร้าย หัวใจ โน อยาก จะ ขอให้ เธอ ได้ เจอ แต่ คน ที่ แสน ดี อย่า ได้ ไป เจอ ใคร ที่ ทำร้าย หัวใจ ฮู้ ขอให้ โลก ใบ นี้ ใจดี กับ เธอ ใน วันที่ ไม่ มี ฉัน อยู่ ขอให้ โลก ใบ นี้ ไม่ ทำร้าย เธอ ใน วันที่ ไม่ มี ฉัน อยู่,ขอให้โลกนี้ใจดีกับเธอ,Anatomy Rabbit
หาก การ วิ่ง ตาม ความรัก มัน เหนื่อย พัก ก่อน ดี มั้ย ถ้า เรา ไม่ ใช่ จะ ทำ อะไร ก็ คง ไม่ ใช่ อยู่ดี โฮ้ วันนี้ วัน ศุกร์ แล้ว เห็น เธอ ร้องไห้ ตั้ง แต่วัน จันทร์ เฮ้อ เธอ ออกมา ได้ หรือยัง ออก มาจาก ชีวิต เขา ได้ หรือยัง ออก มาจาก ความ ทุกข์ใจ ได้ หรือยัง เฝ้าดู เธอ มี น้ำตา ยัง ทรมาน อยู่ กับ คราบ น้ำตา แต่ ฉัน ทำได้ เพียงแค่ มอง เธอ ร้องไห้ วัน วัน ไม่ เคย จะ ทำ อะไร ไม่ เคย จะ สนใจ ว่า ผู้ใด เป็นห่วง นั่ง ทรมาน อด ข้า วอด น้ำ เพื่อที่จะ หวัง ให้ ใคร สนใจ ทำไม วันนี้ วัน ศุกร์ แล้ว เห็น เธอ ร้องไห้ ตั้ง แต่วัน จันทร์ เฮ้อ เธอ ออกมา ได้ หรือยัง ออก มาจาก ชีวิต เขา ได้ หรือยัง ออก มาจาก ความ ทุกข์ใจ ได้ หรือยัง โฮ้ เฝ้าดู เธอ มี น้ำตา ยัง ทรมาน อยู่ กับ คราบ น้ำตา แต่ ฉัน ทำได้ เพียงแค่ มอง เธอ ร้องไห้ โฮ้ ได้ หรือยัง ได้ หรือยัง ได้ หรือยัง ออกมา ได้ หรือยัง ได้ หรือยัง ได้ หรือยัง ออกมา ได้ หรือยัง ออก มาจาก ชีวิต เขา ได้ หรือยัง โน่ ออก มาจาก ชีวิต เขา ได้ หรือยัง เฝ้าดู เธอ มี น้ำตา ยัง ทรมาน อยู่ กับ คราบ น้ำตา แต่ ฉัน ทำได้ เพียงแค่ มอง เธอ ร้องไห้ โฮ้,ออกมายัง,Anatomy Rabbit
ก็ สบายดี หนิ ไม่เห็นจะ เศร้าใจ เหมือน ที่ ดู ใน หนัง ไม่ มี เธอ ก็ สบาย ไม่ต้อง ปวดหัว ต้อง คอย เอาใจ อยู่ เรื่อยไป หลอกตัวเอง ไป วัน วัน ว่า ไม่ มี เธอ ก็ อยู่ ไหว บอก ตัวเอง ไป วัน วัน ว่า แค่นี้ สบาย แต่ ใจ ข้างใน ยัง คิดถึง ยัง ไม่ ลืม เธอ ได้ เลย สักวัน และ ใจ ก็ ยังคง แอบ หวัง ว่า สักวัน เธอ จะ กลับ มาหา ต้อง คอย แสดง บทบาท สมมติ เหมือน คน อารมณ์ดี ต่อหน้า ใคร ใคร ฉัน ต้อง มีความสุข ต้อง ยิ้ม หัวเราะ ทั้ง ทั้งที่ ใจ ข้างใน ไม่ แค ย รู้สึก ดี หลอกตัวเอง ไป วัน วัน ว่า ไม่ มี เธอ ก็ อยู่ ไหว บอก ตัวเอง ไป วัน วัน ว่า แค่นี้ สบาย แต่ ใจ ข้างใน ยัง คิดถึง ยัง ไม่ ลืม เธอ ได้ เลย สักวัน และ ใจ ก็ ยังคง แอบ หวัง ว่า สักวัน เธอ จะ กลับ มาหา ยังคง คิดถึง วันวาน วันนั้น ที่ มี เธอ อยู่ ยังคง ไม่ ลืม ภาพ ความทรงจำ ทุก ทุก เรื่องราว ยังคง คิดถึง วันวาน วันนั้น ที่ มี เธอ อยู่ ยังคง ไม่ ลืม ภาพ ความทรงจำ ทุก ทุก เรื่องราว ยังคง คิดถึง วันวาน วันนั้น ที่ มี เธอ อยู่ ยังคง ไม่ ลืม ภาพ ความทรงจำ ทุก ทุก เรื่องราว ยังคง คิดถึง วันวาน วันนั้น ที่ มี เธอ อยู่ ยังคง ไม่ ลืม ภาพ ความทรงจำ ทุก ทุก เรื่องราว,แอบหวัง,Anatomy Rabbit
เรา ทุกคน ก็ คง รู้ วันเกิด แต่ มี สัก กี่ คน ที่ รู้ วัน ตาย ก่อน ทุกอย่าง ของ ฉัน จะ สาย เกินไป แม้ อะไร ดี ดี มี ไม่เท่าไหร่ แต่ จะ ขอ ใช้ สักวัน เรื่อง หัวนอน ปลายเท้า ไม่ค่อย จะ มี แต่ หัวใจ ยัง ดี ฉัน ขอ ยืนยัน ไม่ เคย แบ่ง ให้ ใคร เก็บ ไว้ มา นาน ขอให้ มัน เป็น วันที่ ฉัน ได้ บอก บอก เธอ ให้ รู้ สักที ยินดี ให้ เธอ รับ ไป ภูมิใจ ให้ เธอ รับฟัง ได้ เกิด มา หนึ่ง ครั้ง ฉัน ยัง ได้ ทำ ใน สิ่ง นี้ ถ้าหาก พรุ่งนี้ ฉัน ตาย ก็ คงจะ ไม่ เสียที ชีวิต ฉัน ถึง มัน ไม่ค่อย รัก ดี วันนี้ ฉัน ยัง ได้ รัก เธอ ไม่ จำเป็นต้อง รู้ พรุ่งนี้ เป็นไง มัน จะ เกิด อะไร ฉัน พร้อม จะ เจอ ฮ้า ฮา ฮา หาก ต้อง จากกัน ไกล ใจ ฉัน มี เธอ ฉัน เป็น คน คน นึง ที่ ไม่ เลิศเลอ แต่ ความ รักแท้ ยังมี ยินดี ให้ เธอ รับ ไป ภูมิใจ ให้ เธอ รับฟัง ได้ เกิด มา หนึ่ง ครั้ง ฉัน ยัง ได้ ทำ ใน สิ่ง นี้ ถ้าหาก พรุ่งนี้ ฉัน ตาย ก็ คงจะ ไม่ เสียที ชีวิต ฉัน ถึง มัน ไม่ค่อย รัก ดี วันนี้ ฉัน ยัง ได้ รัก เธอ คำ ว่า รัก เธอ หลุด ออกจาก ปาก จาก ฉัน ไป ก่อน จะ หาย ไป มั่นใจ แล้ว ว่า มันดี คำ ว่า รัก เธอ ที่ หลุด ออกจาก หัวใจ ก่อนที่ ฉัน ตาย ขอ ให้ได้ พูด คำ นี้ ยินดี ให้ เธอ รับ ไป ภูมิใจ ให้ เธอ รับฟัง ได้ เกิด มา หนึ่ง ครั้ง ฉัน ยัง ได้ ทำ ใน สิ่ง นี้ ถ้าหาก พรุ่งนี้ ฉัน ตาย ก็ คงจะ ไม่ เสียที ชีวิต ฉัน ถึง มัน ไม่ค่อย รัก ดี วันนี้ ฉัน ยัง ได้ รัก เธอ ยินดี ให้ เธอ รับ ไป ภูมิใจ ให้ เธอ รับฟัง รับฟัง ได้ เกิด มา หนึ่ง ครั้ง ฉัน ยัง ได้ ทำ ใน สิ่ง นี้ ถ้าหาก พรุ่งนี้ ฉัน ตาย ก็ คงจะ ไม่ เสียที ก่อนที่ ฉัน ตาย ชีวิต ฉัน ถึง มัน ไม่ค่อย รัก ดี วันนี้ ฉัน ยัง ได้ รัก เธอ รัก เธอ รัก เธอ รัก รัก รัก เธอ รัก เธอ ยินดี ให้ เธอ รับ ไป ภูมิใจ ให้ เธอ รับฟัง รัก เธอ ได้ เกิด มา หนึ่ง ครั้ง ฉัน ยัง ได้ ทำ ใน สิ่ง นี้ ถ้าหาก พรุ่งนี้ ฉัน ตาย ก็ คงจะ ไม่ เสียที ก่อนที่ ฉัน ตาย ชีวิต ฉัน ถึง มัน ไม่ค่อย รัก ดี วันนี้ ฉัน ยัง ได้ รัก เธอ รัก เธอ รัก เธอ รัก รัก รัก เธอ รัก เธอ,ก่อนตาย,Big Ass
คำ ว่า รัก มัน กลายเป็น ฝุ่น ไป แล้ว อะไร ที่หวัง ก็ พัง ไป ตั้ง นาน แล้ว แต่ ชีวิต ไม่ รู้ ทำไม มัน ยังคง ค้าง คาใจ ไม่ มี วันใด ที่ ฉัน ไม่ จดจำ ก็ คำ ว่า รัก ยัง จำได้ อยู่ เสมอ หลับตา ทุกครั้ง ยัง เจอ เธอ อยู่ ตรงนี้ ความเข้มแข็ง ที่ ฉัน เข้าใจ อ่อนแอ ลง ทุก นาที อยู่ดี ดีใจ ก็ ร้องไห้ อีกครั้ง ยัง คิดถึง เธอ เหลือเกิน ได้ยิน ไหม เธอ ยังอยู่ ใน หัวใจ ของ ฉัน ข่มตา นอน ทุกคืน ยัง ฝัน ยัง เห็น ว่า เรา รัก กัน เธอ อยู่ ที่ไหน คิดถึง เธอ ชาติ นี้ ไม่ มีสิทธิ์ เจอ จบ แล้วก็ เข้าใจ แต่ จะ ให้ ทำ ยังไง เมื่อ ใน หัวใจ ยัง จดจำ คำ ว่า รัก ยัง พอให้ ต่อ ชีวิต ยัง ทำให้ คิดถึง วัน เก่า เก่า เหล่านั้น ได้ แต่ หวัง ลึก ลึก ใน ใจ จะ มี บ้าง ไหม สักวัน สิ่ง ที่ ดี ดี เหล่านั้น จะ กลับมา ยัง คิดถึง เธอ เหลือเกิน ได้ยิน ไหม เธอ ยังอยู่ ใน หัวใจ ของ ฉัน ข่มตา นอน ทุกคืน ยัง ฝัน ยัง เห็น ว่า เรา รัก กัน เธอ อยู่ ที่ไหน คิดถึง เธอ ชาติ นี้ ไม่ มีสิทธิ์ เจอ จบ แล้วก็ เข้าใจ แต่ จะ ให้ ทำ ยังไง เมื่อ ใน หัวใจ มี แต่ เธอ,ฝุ่น,Big Ass
รู้ ว่า เสี่ยง แต่ คง ต้อง ขอ ลอง รู้ ว่า เหนื่อย ถ้า อยากได้ ของ ที่อยู่ สูง ยังไง จะ ขอ ลองดู สักที รู้ ว่า เรา แตก ต่างกัน เท่าไร รู้ ว่า เธอ อยู่ ไกล อยู่ สูง ขนาด ไหน ใครๆ ก็ รู้ เป็นไปไม่ได้ หรอก แต่ คำ ว่า รัก มัน สั่ง ให้ ฉัน ต้อง ปีน ขึ้นไป ได้ เกิด มา เจอ เธอ ทั้งที ไม่ ว่า ยังไง จะ ลองดี สัก วัน อยาก รัก ก็ ต้อง เสี่ยง ไม่ อยาก ให้ เธอ เป็น เพียง ภาพ ใน ความฝัน ลำบากลำบน ไม่ สนใจ ตะเกียกตะกาย สัก เพียงใด ก็ดี กว่า ปล่อย เธอ ไป จาก ฉัน ตกหลุมรัก จริงๆ เพราะ รัก จริงๆ เธอ คง ไม่ ว่า กัน แม้ ต้อย ต่ำ แต่ ยังมี หัวใจ แม้ ต้อง เจ็บ แต่ มัน ก็ คุ้ม ก็ สุขใจ ไม่ ผิด ใช่ไหม ที่ ฉัน ไม่ เจียม ตัว เมื่อ คำ ว่า รัก มัน สั่ง ให้ ฉัน ทำตาม หัวใจ ได้ เกิด มา เจอ เธอ ทั้งที ไม่ ว่า ยังไง จะ ลองดี สัก วัน อยาก รัก ก็ ต้อง เสี่ยง ไม่ อยาก ให้ เธอ เป็น เพียง ภาพ ใน ความฝัน ลำบากลำบน ไม่ สนใจ ตะเกียกตะกาย สัก เพียงใด ก็ดี กว่า ปล่อย เธอ ไป จาก ฉัน ตกหลุมรัก จริงๆ เพราะ รัก จริงๆ เธอ คง ไม่ ว่า กัน ได้ เกิด มา เจอ เธอ ทั้งที ไม่ ว่า ยังไง จะ ลองดี สัก วัน อยาก รัก ก็ ต้อง เสี่ยง ไม่ อยาก ให้ เธอ เป็น เพียง ภาพ ใน ความฝัน ลำบากลำบน ไม่ สนใจ ตะเกียกตะกาย สัก เพียงใด ก็ดี กว่า ปล่อย เธอ ไป จาก ฉัน ตกหลุมรัก จริงๆ เพราะ รัก จริงๆ เธอ คง ไม่ ว่า กัน ตกหลุมรัก จริงๆ รัก เธอ จริงๆ เธอ คง ไม่ ว่า กัน,เล่นของสูง,Big Ass
คง เป็นความ ไม่ ครบครัน มัน ทำให้ คนเรา ไขว่คว้า ขาด อะไร ก็ หา กัน มา เติม ให้ เต็ม ตาม หัวใจ ของ คน มัน คือ ความ ไม่ ครบครัน ที่ คน อย่าง ฉัน หลีก ไม่ พ้น ขาด สิ่ง นึง จน เหมือน เป็น คน ไม่ค่อย เต็ม อยู่ อย่างนี้ สิ่ง นั้น ความรัก ที่ ฉัน ไม่ เคย ได้ มา วันนี้ เพิ่ง เข้าใจ แล้ว ว่า ใคร ที่ มี เธอ เป็น คนเดียว เลย ที่ ใช่ เธอ เป็น อะไร อย่าง ที่ ฝัน ช่วย มา เติม ใจ ฉัน ให้ ที ได้ เจอะ กับ เธอ เลย ได้ รู้ ว่า ทั้ง ชีวิต ฉัน ขาด คน แบบนี้ จะ รัก ใคร ทั้งที ต้อง รัก เธอ จาก เป็น คน ไม่ สำคัญ เธอ ทำให้ ฉัน มีความหมาย จาก ที่ เคย ขาดเหลือ ใน ใจ มี เธอ ไว้ คง พอดี สิ่ง นั้น ความรัก ที่ ฉัน ไม่ เคย ได้ มา วันนี้ เพิ่ง เข้าใจ แล้ว ว่า ใคร ที่ มี เธอ เป็น คนเดียว เลย ที่ ใช่ เธอ เป็น อะไร อย่าง ที่ ฝัน ช่วย มา เติม ใจ ฉัน ให้ ที ได้ เจอะ กับ เธอ เลย ได้ รู้ ว่า ทั้ง ชีวิต ฉัน ขาด คน แบบนี้ จะ รัก ใคร ทั้งที ต้อง รัก เธอ สิ่ง นั้น ความรัก ที่ ฉัน ไม่ เคย ได้ มา วันนี้ เพิ่ง เข้าใจ แล้ว ว่า ใคร ที่ มี เธอ เป็น คนเดียว เลย ที่ ใช่ เธอ เป็น อะไร อย่าง ที่ ฝัน ช่วย มา เติม ใจ ฉัน ให้ ที ได้ เจอะ กับ เธอ เลย ได้ รู้ ว่า ทั้ง ชีวิต ฉัน ขาด คน แบบนี้ จะ รัก ใคร ทั้งที ต้อง รัก เธอ เธอ เป็น คนเดียว เลย ที่ ใช่ เธอ เป็น อะไร อย่าง ที่ ฝัน ช่วย มา เติม ใจ ฉัน ให้ ที ได้ เจอะ กับ เธอ เลย ได้ รู้ ว่า ทั้ง ชีวิต ฉัน ขาด คน แบบนี้ จะ รัก ใคร ทั้งที ต้อง รัก เธอ ต้อง รัก เธอ ต้อง รัก เธอ ต้อง รัก เธอ ต้อง รัก เธอ เธอ คน นี้,ไม่ค่อยเต็ม,Big Ass
เธอ กอด ตัวเอง มา นาน สัก เท่าไร จะ ขอ ได้ ไหม ให้ ฉัน เข้าไป ใน ใจ เธอ สักวันหนึ่ง ฉัน ยอม ให้ เธอ ระบาย ทุก ๆ สิ่ง ที่ ทิ้ง เธอ ใน อดีต มอง ที่ ฉัน ฉัน ขอ แค่ เพียง แค่ เต้นรำ กับ ฉัน ใน ยาม ราตรี ก็ พอ เรา จะ บอ กรัก กัน ใน ทุก ๆ คืน ผ่าน บทเพลง ที่ ร้อย เรียง ออก มาจาก ใจ ของ เรา แค่ เต้นรำ กับ ฉัน ใน ยาม ราตรี ก็ พอ เรา จะ บอ กรัก กัน ใน ทุก ๆ คืน ผ่าน หมู่ ดาว ที่ ร้อย เรียง ออก มาจาก ใจ ของ ฉัน Just dance with me Baby dance with me I just wanna dance with you Oh baby wont you dance with me เธอ บอก ว่า เธอ ต้องการ ทุก ๆ สิ่ง ที่ ไม่ เหมือน ใน วันวาน ที่ เธอ เคย ผ่าน มา โปรด มอง ที่ ฉัน และ ลืม มัน ไป ใน ทุก ๆ สิ่ง ที่ ทิ้ง เธอ ใน อดีต มอง ที่ ฉัน ฉัน ขอ แค่ เพียง แค่ เต้นรำ กับ ฉัน ใน ยาม ราตรี ก็ พอ เรา จะ บอ กรัก กัน ใน ทุก ๆ คืน ผ่าน บทเพลง ที่ ร้อย เรียง ออก มาจาก ใจ ของ เรา แค่ เต้นรำ กับ ฉัน ใน ยาม ราตรี ก็ พอ เรา จะ บอ กรัก กัน ใน ทุก ๆ คืน ผ่าน หมู่ ดาว ที่ ร้อย เรียง ออก มาจาก ใจ ของ ฉัน Just dance with me Baby dance with me I just wanna dance with you Oh baby wont you dance with me Just dance with me Oh baby dance with me I just wanna dance with you Oh baby wont you dance with me,Dance with me,blackbeans
เหนือ เหตุผล ใด ๆ ฉัน ยังคง คิดถึง เธอ เหมือนว่า เธอ ยังอยู่ ไม่ จางหาย ไป ความทรงจำ มากมาย ค่อย ๆ ร้อย เรียง ใน ใจ เหลือ เพียง ความว่างเปล่า บางครั้ง ยังคง มี น้ำตา บางครั้ง ฉัน ยังคง คิดถึง เธอ บางครั้ง ฉัน ยังคง นึกถึง เธอ ถ้าหาก วัน นึง บังเอิญ ได้ เจอ ฉัน และ เธอ ได้ พบ เจอ จะ ถาม ว่า เธอ เป็น อย่างไร บางครั้ง ฉัน ยัง ได้ยิน เสียง เธอ บางครั้ง ฉัน ยังคง นึกถึง รอยยิ้ม ที่ผ่านมา เธอ คือ ความสุข ของ ฉัน ฉัน ไม่เป็นไร นะ แค่ ได้ เห็น เธอ ใน ความทรงจำ และ ย้ำ เตือน ให้ เติบโต ก็ พอ ช่วงเวลา ที่ผ่านมา จดจำ เธอ ใน วันที่ ฝน ซา ช่วงเวลา ที่ เปลี่ยนไป ไม่ มี วัน ไหน ไม่ คิดถึง เธอ เธอ เป็น อย่างไร สบายดี หรือเปล่า ฉัน อยู่ ตรงนี้ ยัง เหมือนเดิม บางครั้ง ฉัน ยังคง คิดถึง เธอ บางครั้ง ฉัน ยังคง นึกถึง เธอ ถ้าหาก วัน นึง บังเอิญ ได้ เจอ ฉัน และ เธอ ได้ พบ เจอ จะ ถาม ว่า เธอ เป็น อย่างไร บางครั้ง ฉัน ยัง ได้ยิน เสียง เธอ บางครั้ง ฉัน ยังคง นึกถึง รอยยิ้ม ที่ผ่านมา เธอ คือ ความสุข ของ ฉัน ฉัน ไม่เป็นไร นะ แค่ ได้ เห็น เธอ ใน ความทรงจำ และ ย้ำ เตือน ให้ เติบโต ก็ พอ รัก ตัวเอง คือ สิ่ง ที่ เรา ต้อง จำไว้ รัก มาก ไป อาจ ทำให้ ใจ ต้อง วุ่นวาย รัก ตัวเอง ใน วันที่ มัน ยัง ไม่ สาย ต้อง รัก ตัวเอง รัก ตัวเอง รัก ตัวเอง รัก ตัวเอง คือ สิ่ง ที่ เรา ต้อง จำไว้ รัก มาก ไป อาจ ทำให้ ใจ ต้อง วุ่นวาย รัก ตัวเอง ใน วันที่ มัน ยัง ไม่ สาย ต้อง รัก ตัวเอง รัก ตัวเอง รัก ตัวเอง ไม่ มี ใคร จะ อยู่ กับ เรา จน วันสุดท้าย ผู้คน มากมาย อยู่ เพื่อ จากไป ไม่เป็นไร ฉัน จะ กอด ตัวเอง เอาไว้ ได้ เรียนรู้ ใน สิ่ง ที่ ผู้คน ทิ้ง เอาไว้,I Miss You,blackbeans
จริง ๆ ก็ ผ่าน มา นาน เรื่องราว ของ เรา ใน วันก่อน จน เกือบจะ ลืม ไป แล้ว ว่า เรา เคย ร่วมทาง ยังคง เก็บ ไว้ เรื่องราว ดี ๆ ใน ความทรงจำ มี เธอ และ ฉัน มองดู พระจันทร์ ใน ค่ำคืน มี สัญลักษณ์ เป็น พระจันทร์ ที่ ส่อง พราง พราว ราตรี ที่ ไม่ มี ดาว แสง ของ มัน จะ ส่อง กระทบ มา ที่ ใจ ของ เรา คิด ถึงกัน ให้ มอง มัน ดวง เดียวกัน ใน จันทรา ฟ้า กว้าง ลึก ลง ไป ยังมี เรา ความสัมพันธ์ อยู่ ใน นั้น เธอ ยัง มอง อยู่ ไหม แต่ ฉัน ยัง มอง พระจันทร์ ใน ทุก ๆ วัน ที่ เคย มี กัน อยู่ ใน ความ เดียวดาย ใน ยาม ราตรี ที่ ไม่ มี หมู่ ดาว และ ฉัน ยัง คิดถึง เธอ มากมาย เหลือเกิน ไม่ เคย ลืมเลือน ตาม กาลเวลา ใน ยาม ราตรี ที่ เธอ ไม่ มี ฉัน เธอ คิดถึง ฉัน หรือเปล่า มี สัญลักษณ์ เป็น พระจันทร์ ที่ ส่อง พราง พราว ราตรี ที่ ไม่ มี ดาว แสง ของ มัน จะ ส่อง กระทบ มา ที่ ใจ ของ เรา คิด ถึงกัน ให้ มอง มัน ดวง เดียวกัน ใน จันทรา ฟ้า กว้าง ลึก ลง ไป ยังมี เรา ความสัมพันธ์ อยู่ ใน นั้น เธอ ยัง มอง อยู่ ไหม แต่ ฉัน ยัง มอง พระจันทร์ ใน ทุก ๆ วัน ที่ เคย มี กัน อยู่ ใน ความ เดียวดาย ใน ยาม ราตรี ที่ ไม่ มี หมู่ ดาว และ ฉัน ยัง คิดถึง เธอ มากมาย เหลือเกิน ไม่ เคย ลืมเลือน ตาม กาลเวลา ใน ยาม ราตรี ที่ เธอ ไม่ มี ฉัน เธอ คิดถึง ฉัน หรือเปล่า ฉัน คิดถึง เธอ เหลือเกิน เธอ คิดถึง ฉัน หรือเปล่า ฉัน คิดถึง เธอ เหลือเกิน,Moon,blackbeans
แอบมอง เธอ อยู่ บ่อย บ่อย มัน คงจะ ดี ถ้า เรา รู้จัก กัน กว่า นี้ แอบ ยิ้ม บางที บางคราว ก็ คิด เกินไป มากกว่า นี้ นี่ คือ ความรัก ใช่ไหม ที่ ทำให้ ใจ ทั้ง ใจ ต้อง เป็น แบบนี้ นี่ คือ ความรัก หรือเปล่า ที่ ทำให้ ฉัน เจอ เธอ ที่ ทำให้ โลก เป็น สีชมพู เธอ อย่า ยิ้ม บ่อย บ่อย เธอ ทำใจ ฉัน คิด หน่อย หน่อย เธอ อย่า ยิ้ม บ่อย บ่อย เธอ ทำใจ ฉัน มัน กร่อย กร่อย เธอ อย่า ยิ้ม บ่อย บ่อย เธอ ทำใจ ฉัน คิด หน่อย หน่อย เธอ อย่า ยิ้ม บ่อย บ่อย เธอ ทำใจ ฉัน มัน ละลาย Its gonna be alright when I see in your eyes Look at the sky will you see the light shines Its gonna be alright when I see in your eyes Look at the sky will you see the light shines เหตุผล วกวน กับ ตัวเอง ทำไม โลก ทั้ง ใบ ฉัน มี แค่ เธอ สับสน ผู้คน กับ ตัวเอง ทำไม ไม่ มี ใคร ที่ เหมือน เธอ นี่ คือ ความรัก ใช่ไหม ที่ ทำให้ ใจ ทั้ง ใจ ต้อง เป็น แบบนี้ นี่ คือ ความรัก หรือเปล่า ที่ ทำให้ ฉัน เจอ เธอ ที่ ทำให้ โลก เป็น สีชมพู เธอ อย่า ยิ้ม บ่อย บ่อย เธอ ทำใจ ฉัน คิด หน่อย หน่อย เธอ อย่า ยิ้ม บ่อย บ่อย เธอ ทำใจ ฉัน มัน กร่อย กร่อย เธอ อย่า ยิ้ม บ่อย บ่อย เธอ ทำใจ ฉัน คิด หน่อย หน่อย เธอ อย่า ยิ้ม บ่อย บ่อย เธอ ทำใจ ฉัน มัน ละลาย Its gonna be alright when I see in your eyes Look at the sky will you see the light shines Its gonna be alright when I see in your eyes Look at the sky will you see the light shines โฮ เป็นไปได้ ไหม ที่ ฉัน จะ พา เธอ ไป ใน ที่ ที่ ไม่ มี ใคร โฮ ไป กับ ฉัน ไหม ที่ เรา จะ ขับรถ ไป ใน ที่ ที่ ไม่ เคย ไป มี แค่ ฉัน และ เธอ อยู่ บน ถนน และ ลืม ผู้คน ที่ ทำ เรา สับสน เปิด เพลง วกวน ไม่ต้อง กังวล ใด ใด และ นาฬิกา ไม่ อาจ บ่งบอก เวลา ตอนนี้ เมื่อ ฉัน มี เธอ ใน ตอนนี้ เมื่อ ฉัน มี เธอ ใน ชีวิต เมื่อ ฉัน มี เธอ ใน ตอนนี้,Pink,blackbeans
กาลเวลา ที่ผ่านมา ยังคง รัก ฉัน ก็ รู้ ว่า เธอ ไม่ คิด และ ไม่ สนใจ ยิ่ง พยายาม เท่าไร ยิ่ง เลือนหาย ฉัน ได้ แต่ คิด แต่ หวัง ให้ เธอ หันมา ฮู้ อู เธอ ลอง มอง บน ฟ้า ยามค่ำคืน เธอ จะ เห็น ดาว อยู่ บน นั้น ลอง อธิษฐาน สัก ข้อ หนึ่ง ที่ เธอ อยาก เหมือน ใน ฝัน แล้ว หลับตา ลง วาด ฝัน ว่า เธอ จะ เป็น ยังไง ฉัน หลับตา ลง และ มี สิ่ง เดียว ที่จะ ขอ ขอให้ เธอ และ ฉัน ได้ เคียงคู่ กัน ขอให้ เรา ได้ รัก กัน ชัว นิรันดร์ แค่ ฉัน และ เธอ ค่ำคืน เหน็บ หนาว ใน ทุก ทุกวัน ขอ มี เธอ กอด ฉัน ใน ยามค่ำคืน ได้ โปรด เถอะ ฟ้า ช่วย รับ คำอธิษฐาน ของ เรา ฮู้ เธอ ลอง มอง บน ฟ้า ยามค่ำคืน เธอ จะ เห็น ดาว อยู่ บน นั้น ลอง อธิษฐาน สัก ข้อ หนึ่ง ที่ เธอ อยาก เหมือน ใน ฝัน แล้ว หลับตา ลง วาด ฝัน ว่า เธอ จะ เป็น ยังไง ฉัน หลับตา ลง และ มี สิ่ง เดียว ที่จะ ขอ ขอให้ เธอ และ ฉัน ได้ เคียงคู่ กัน ขอให้ เรา ได้ รัก กัน ชัว นิรันดร์ แค่ ฉัน และ เธอ ค่ำคืน เหน็บ หนาว ใน ทุก ทุกวัน ขอ มี เธอ กอด ฉัน ใน ยามค่ำคืน ได้ โปรด เถอะ ฟ้า ช่วย รับ คำอธิษฐาน ของ เรา อธิษฐาน ให้ หมู่ ดาว มา เรียงร้อย กัน ฉัน และ เธอ อยู่ ด้วยกัน ใน ยามค่ำคืน อธิษฐาน ให้ หมู่ ดาว มา เรียงร้อย กัน ฉัน และ เธอ กอด กัน ใน ยาม ราตรี อธิษฐาน ให้ หมู่ ดาว มา เรียงร้อย กัน ฉัน และ เธอ หลับ ฝัน ใน ยามค่ำคืน อธิษฐาน ให้ หมู่ ดาว มา เรียงร้อย กัน อธิษฐาน ของ เรา,wish,blackbeans
คำ ง่าย ง่าย แต่ ความหมาย สุด ลึกล้ำ คำ ง่าย ง่าย ที่ เธอ ใช้ ประจำ ซ้ำไปซ้ำมา คิด จะ พูด แต่ ก็ พูด อย่าง ไม่ คิด รู้ ไหม ว่า หนึ่ง ชีวิต ของ ใคร ต้อง เกิด ปัญหา เจ็บช้ำ ปางตาย ชีวิต วุ่นวาย คิด มัน ไป ว่า จริง ลุ่มหลง เชื่อใจ กับ ถ้อยคำ ร้าย ร้าย เอะอะ ก็ ว่า รัก เอะอะ ก็ คิดถึง แต่ เธอ ไม่ เคย ซึ้ง ไม่ เคย เข้าใจ ไม่ เคย ทำให้ รู้ ไม่ เคย ทำให้ เห็น ไม่ ห่วง เลย ว่า ใคร จะ เป็น จะ ตาย คำพูด ที่ ไม่ เคย คิด ที่จริง ก็ คือ ยาพิษ ทำลาย ชีวิต ของ คน งมงาย เธอ จะ รู้ บ้าง หรือเปล่า คิด หรือเปล่า ว่า มี ใคร เขา ทุกข์ ทน พิษ ของ คำ คน ร้ายแรง แค่ ไหน คำ ง่าย ง่าย ที่ เธอ ใช้ บอก กับ ฉัน รู้ ไว้ ด้วยว่า ความหมาย ของ มัน สำคัญ แค่ ไหน เจ็บช้ำ ปางตาย ชีวิต วุ่นวาย คิด มัน ไป ว่า จริง ลุ่มหลง เชื่อใจ กับ ถ้อยคำ ร้าย ร้าย เอะอะ ก็ ว่า รัก เอะอะ ก็ คิดถึง แต่ เธอ ไม่ เคย ซึ้ง ไม่ เคย เข้าใจ ไม่ เคย ทำให้ รู้ ไม่ เคย ทำให้ เห็น ไม่ ห่วง เลย ว่า ใคร จะ เป็น จะ ตาย คำพูด ที่ ไม่ เคย คิด ที่จริง ก็ คือ ยาพิษ ทำลาย ชีวิต ของ คน งมงาย เธอ จะ รู้ บ้าง หรือเปล่า คิด หรือเปล่า ว่า มี ใคร เขา ทุกข์ ทน พิษ ของ คำ คน ร้ายแรง แค่ ไหน ล้าน คำ ลวง หลอกหลอน หัวใจ วาด วิมาน บน ฟ้า แสน ไกล ล้วน เติม แต่ง จาก คำ ของ ใคร แล้ว ความ จริงอยู่ ตรง ที่ใด เชื่อ คำ ลวง สุดท้าย เสียใจ โลก ความจริง เรียนรู้ หมุน ไป ทบ และ ทวน ใต ร่ ตรอง ข้างใน ให้ เวลา ตัดสิน หัวใจ เอะอะ ก็ ว่า รัก เอะอะ ก็ คิดถึง แต่ เธอ ไม่ เคย ซึ้ง ไม่ เคย เข้าใจ ไม่ เคย ทำให้ รู้ ไม่ เคย ทำให้ เห็น ไม่ ห่วง เลย ว่า ใคร จะ เป็น จะ ตาย คำพูด ที่ ไม่ เคย คิด ที่จริง ก็ คือ ยาพิษ ทำลาย ชีวิต ของ คน งมงาย เธอ จะ รู้ บ้าง หรือเปล่า รู้ บ้าง หรือเปล่า คำ ที่ เธอ นั้น พร่ำ บอก รัก ที่ ลวง หลอก รัก ที่ ลวง หลอก ทำให้ ใคร เขา ทุกข์ ทน พิษ ของ คำ คน,ยาพิษ,Bodyslam
รู้ ก็ ทั้ง รู้ ว่า เธอ เป็น ใคร และ ฉัน ก็ ไม่ คิด จะ ปีน ขึ้นไป คง ไม่ มีทาง จะ เป็นไปได้ ก็ เรา นั้น มัน ต่างกัน ทำได้ แค่ เพียง เจียมตัว มัน ไป วัน วัน ฉัน เข้าใจ แต่ ฉัน ก็ ไม่ รู้ เพราะ ความบังเอิญ หรือว่า อันที่จริง ฉันนั้น จงใจ เวลา ที่ เธอ มา ยืน ใกล้ ใกล้ ก็ ยัง เผลอไป สบตา รู้ ก็ ทั้ง รู้ ว่า คง ไม่ มี ปัญญา ก็ คง ไม่ มีหวัง ไม่ อยาก จะ เหลียว มอง ฉัน คอย บอก ตัวเอง แต่ ยัง ทำ ไม่ ได้ ไม่ อยาก จะ สนใจ ก็ รู้ ว่า ไม่ มีทาง แต่ ก็ ไม่ รู้ ต้อง ทำ อย่างไร อดใจ ไม่ ไหว เมื่อ ได้ พบ หน้า ยิ่ง เธอ ส่ง ยิ้ม คืน มา ยิ่ง หวั่นไหว ยัง เป็น อย่างนี้ อยู่ ทุกวัน ฉัน ต้อง คอย หักห้ามใจ มัน อดใจ ไม่ ได้ มัน ห้ามใจ ไม่ ได้ อดใจ ไม่ ไหว ทุกที ที่ เจอ เพียงแค่ แอบ เผลอ มอง ตา จะ ผิด ไหม เก็บ เอา ไป ฝัน อยู่ ทุกคืน ฉัน ต้อง ทำตัว เช่นไร ช่วย บอก ได้ ไหม เธอ ไม่ อยาก จะ เหลียว มอง ฉัน คอย บอก ตัวเอง แต่ ยัง ทำ ไม่ ได้ ไม่ อยาก จะ สนใจ ก็ รู้ ว่า ไม่ มีทาง แต่ ก็ ไม่ รู้ ต้อง ทำ อย่างไร อดใจ ไม่ ไหว เมื่อ ได้ พบ หน้า ยิ่ง เธอ ส่ง ยิ้ม คืน มา ยิ่ง หวั่นไหว ยัง เป็น อย่างนี้ อยู่ ทุกวัน ฉัน ต้อง คอย หักห้ามใจ มัน อดใจ ไม่ ได้ มัน ห้ามใจ ไม่ ได้ อดใจ ไม่ ไหว ทุกที ที่ เจอ เพียงแค่ แอบ เผลอ มอง ตา จะ ผิด ไหม เก็บ เอา ไป ฝัน อยู่ ทุกคืน ฉัน ต้อง ทำตัว เช่นไร ช่วย บอก ได้ ไหม เธอ ช่วย บอก ได้ ไหม เธอ,หวั่นไหว,Bodyslam
ท้องฟ้า มัน ครึ้ม มัน ครึ้ม ออก อย่างนี้ มัน เหงา ทุกที ที่ ได้ มอง ใจ มัน หาย เสียง ฟ้า มัน ร้อง หยาดฝน หล่น เป็น สาย ยิ่ง หวั่นไหว ยิ่ง ทำให้ สับสน นึกถึง คน ที่ เคย คน ที่ เคย อยู่ ตรงนี้ นึกถึง ทุก ทุกที ที่ เห็น ฟ้า กว้างใหญ่ นึกถึง บางคน ที่รัก เสมือน ดวงใจ ที่ เพิ่ง จากไป เสียดาย ที่ วันนี้ ไม่ มี เธอ อยู่ ถึง รู้แก่ใจ ว่า คง ได้ แต่ ฝัน ก็ จะ ฝัน รอคอย มัน เรื่อยไป อยู่ อย่างนั้น ใจ ยัง จดจำ เมื่อ เธอ อยู่ กับ ฉัน ได้ แค่ ฝัน ก็ ยัง เปี่ยม ด้วย ความหมาย นึกถึง คน ที่ เคย คน ที่ เคย อยู่ ตรงนี้ นึกถึง ทุก ทุกที ที่ เห็น ฟ้า กว้างใหญ่ นึกถึง บางคน ที่รัก เสมือน ดวงใจ ที่ เพิ่ง จากไป เสียดาย ที่ วันนี้ ไม่ มี เธอ อยู่ อยาก จะ ทำ ทุกสิ่ง อยาก จะ ทำ ทุกอย่าง หาก จะ พอ มีหวัง ให้ คืน วัน มัน ย้อน ไป คืน วันที่ ดี อยาก จะ มี เธอ ข้าง กาย ให้ เหมือนเดิม อีก ครั้งหนึ่ง อยาก จะ ทำ ทุกสิ่ง อยาก จะ ทำ ทุกอย่าง หาก จะ พอ มีหวัง ให้ คืน วัน มัน ย้อน ไป คืน วันที่ ดี อยาก จะ มี เธอ ข้าง กาย ให้ เหมือนเดิม อีก ครั้งหนึ่ง อยาก เห็น ท้องฟ้า เป็น อย่าง วันนั้น อยาก ขอให้ เป็น ดังเดิม ทุกอย่าง อยาก ขอให้ เป็นไป อย่าง ที่หวัง ให้ เหมือนเดิม อีก ครั้งหนึ่ง ให้ เหมือนเดิม อีก ครั้งหนึ่ง อยาก จะ ทำ ทุกสิ่ง อยาก จะ ทำ ทุกอย่าง หาก จะ พอ มีหวัง ให้ คืน วัน มัน ย้อน ไป คืน วันที่ ดี อยาก จะ มี เธอ ข้าง กาย ให้ เหมือนเดิม อีก ครั้งหนึ่ง อยาก จะ ทำ ทุกสิ่ง อยาก จะ ทำ ทุกอย่าง หาก จะ พอ มีหวัง ให้ คืน วัน มัน ย้อน ไป คืน วันที่ ดี อยาก จะ มี เธอ ข้าง กาย ให้ เหมือนเดิม อีก ครั้งหนึ่ง อยาก เห็น ท้องฟ้า เป็น อย่าง วันนั้น อยาก ขอให้ เป็น ดังเดิม ทุกอย่าง อยาก ขอให้ เป็นไป อย่าง ที่หวัง ให้ เหมือนเดิม อีก ครั้งหนึ่ง อยาก เห็น ท้องฟ้า เป็น อย่าง วันนั้น,เสียดาย,Bodyslam
ทุก นาที มัน แบ่ง เป็น วินาที เพียง หนึ่ง ใน ล้าน ยังมี ขอ เพียง เสี้ยว นั้น พริบตาเดียว โอกาส แค่ พริบตาเดียว มัน เปลี่ยน ชีวิต เรา ได้ ขอ เพียง แค่นั้น ทุก ทุก เกม เรา อาจ เคย พ่ายแพ้ ทุก ทุกคราว แม้ ไม่ เป็น อย่าง หวัง แต่ วันนี้ ไม่ เหมือน ทุกวัน ทุก ทุกที มัน อาจ เป็น ที ใคร รู้ ไว้ เลย ไม่ ใช่ ที สุดท้าย จะ อย่างไร คง ต้อง วัด กัน วินาที ที่ เรา ต้อง ไป ให้ ถึง วินาที ที่ เรา ไม่ ยอมแพ้ ไม่ มี สิ่ง ไหนจะ หนัก เกินไป ไม่ มี คำ ว่า ทำ ไม่ ได้ นา ทีนี้ ตรงนี้ เป็น ของ เรา มา ทำ วันนี้ ให้ เป็น ตำนาน ฝาก ไว้ ให้ นาน เท่า นาน เพื่อ สิ่ง นี้ ที่ หัวใจ เรา ต้องการ แม้ ที่จริง มัน อาจ ดู เลือนลาง แม้ ที่สุด แล้ว เรา ต้อง ผิดหวัง แต่ หัวใจ จะ ขอ พุ่งชน ร้าย หรือ ดี วาง อยู่ ใน มือ เรา แม้ รางวัล นั้น คือ ความปวดร้าว แต่ อย่างไร ต้อง ลอง สักครั้ง วินาที ที่ เรา ต้อง ไป ให้ ถึง วินาที ที่ เรา ไม่ ยอมแพ้ ไม่ มี สิ่ง ไหนจะ หนัก เกินไป ไม่ มี คำ ว่า ทำ ไม่ ได้ นา ทีนี้ ตรงนี้ เป็น ของ เรา มา ทำ วันนี้ ให้ เป็น ตำนาน ฝาก ไว้ ให้ นาน เท่า นาน เพื่อ สิ่ง นี้ ที่ หัวใจ เรา ร่ำร้อง โฮ้ มัน เรียกร้อง ทุก นาที มัน แบ่ง เป็น วินาที เพียง หนึ่ง ใน ล้าน ยังมี ขอ เพียง เสี้ยว นั้น พริบตาเดียว โอกาส แค่ พริบตาเดียว มัน เปลี่ยน ชีวิต เรา ได้ ขอ เพียง แค่นั้น ไม่ มี สิ่ง ไหนจะ หนัก เกินไป แค่ ไหน ต้อง ทำ ให้ได้ นา ทีนี้ ตรงนี้ เป็น ของ เรา ให้ วันนี้ กลายเป็น ตำนาน ฝาก ไว้ ให้ นาน เท่า นาน เพื่อ สิ่ง นี้ ที่ หัวใจ เรา ร่ำร้อง ไม่ มี สิ่ง ไหนจะ หนัก เกินไป จะ เป็น ตาย คง ได้ รู้กัน นา ทีนี้ ที่ ตรงนี้ เป็น ของ เรา มา ทำ วันนี้ ให้ เป็น ตำนาน ฝาก ไว้ ให้ นาน เท่า นาน เพื่อ สิ่ง นี้ ที่ หัวใจ เรา ร่ำร้อง โว้ โอ้ โอ,เสี้ยววินาที,Bodyslam
เพราะอะไร เธอ จึง ทิ้ง ฉัน ไป ฉัน ทำให้ เธอ ผิดหวัง ฉัน ทำให้ เธอ เจ็บช้ำ มากมาย ขนาด ไหน ฉัน รัก เธอ มากมาย เท่าไร เธอ เอง ก็ รู้ ใช่ไหม ว่า เธอ น่ะ มีความหมาย กับ ฉัน ขนาด ไหน มาก เท่าไร ฉัน กำลัง ขอร้อง อ้อนวอน เธอ อย่า ไป ทิ้งตัว ลง คุกเข่า กอด ขา เธอ เอาไว้ พนม สอง มือขึ้น กราบกราน เธอ โปรด อย่า ไป มัน คง ไม่ มีประโยชน์ ถ้า คน มัน หมดใจ แต่ ถ้า ตัว เธอ ยัง รัก ยัง ห่วงใย และ ถ้า อดีต ของ เรา ยัง พอ มีความหมาย ได้ โปรด อย่า จาก ฉัน ไป ได้ โปรด อย่า ทำร้าย กัน เลย ฉัน ผิด ไป แต่ ไม่ ได้ ตั้งใจ ต้นเหตุ ที่ ฉัน ผิด พลั้ง มัน จะ ไม่ มี อีกครั้ง ให้ เธอ โปรด มั่นใจ ฉัน ขอ ได้ ไหม ฉัน กำลัง ขอร้อง อ้อนวอน เธอ อย่า ไป ทิ้งตัว ลง คุกเข่า กอด ขา เธอ เอาไว้ พนม สอง มือขึ้น กราบกราน เธอ โปรด อย่า ไป มัน คง ไม่ มีประโยชน์ ถ้า คน มัน หมดใจ แต่ ถ้า ตัว เธอ ยัง รัก ยัง ห่วงใย และ ถ้า อดีต ของ เรา ยัง พอ มีความหมาย ได้ โปรด อย่า จาก ฉัน ไป ได้ โปรด อย่า ทำร้าย กัน เลย และ หากว่า เธอ ยัง รัก ยัง ห่วงใย หากว่า เธอ ยัง มีน้ำใจ ให้ ฉัน หน่อย อย่า ปล่อย ให้ ฉัน ใจน้อย คอย เรื่อยไป และ หากว่า ฉัน ยัง ดี ไม่ พอ ก็ จะ ขอ ทำดี ให้ เธอ ได้ เข้าใจ ได้ โปรด อย่า ทำร้าย กัน เลย ฉัน กำลัง ขอร้อง อ้อนวอน เธอ อย่า ไป ทิ้งตัว ลง คุกเข่า กอด ขา เธอ เอาไว้ พนม สอง มือขึ้น กราบกราน เธอ โปรด อย่า ไป มัน คง ไม่ มีประโยชน์ ถ้า คน มัน หมดใจ แต่ ถ้า ตัว เธอ ยัง รัก ยัง ห่วงใย และ ถ้า อดีต ของ เรา ยัง พอ มีความหมาย ได้ โปรด อย่า จาก ฉัน ไป ได้ โปรด อย่า ทำร้าย กัน เลย ฉัน กำลัง ขอร้อง อ้อนวอน เธอ อย่า ไป ทิ้งตัว ลง คุกเข่า กอด ขา เธอ เอาไว้ พนม สอง มือขึ้น กราบกราน เธอ โปรด อย่า ไป มัน คง ไม่ มีประโยชน์ ถ้า คน มัน หมดใจ แต่ ถ้า ตัว เธอ ยัง รัก ยัง ห่วงใย และ ถ้า อดีต ของ เรา ยัง พอ มีความหมาย ได้ โปรด อย่า จาก ฉัน ไป ได้ โปรด อย่า ทำร้าย กัน เลย,คุกเข่า,cocktail
ฉัน ก็ รัก เธอ มา ตั้ง นาน แล้ว และ ก็ รัก เธอ มาก จน ล้น ใจ เธอ ทำไม ไย เธอ ไม่ เคย แล ไม่ เคย มอง และ เธอ รัก ก็ เพียงแค่ แต่ เขา เรา ก็ ต้อง ทำความเข้าใจ เอา เพราะ รัก ฉันนั้น ไม่ ใช่ รัก เรา เธอ รัก เขา ฮู้ ว ฉัน เสียน้ำตา ให้ เธอ มาก แค่ ไหน ทำได้ เพียงแค่ ทำใจ ความรัก ฉัน หลุดลอย ไป สุดสายตา โอ้ ใจ เอ๋ย ทำไม หัวใจ ไม่ หลาบจำ ดึงดัน จะ รัก เธอ อยู่ ทั้งที่ รู้ ว่า เขา ไม่ ใช่ แต่ ยัง จะ รัก เขา หมด หัวใจ ปล่อย เขา ทำร้าย ย้ำ ๆ ซ้ำ ๆ เติม อยู่ โอ้ ใจ เอ๋ย ทำไม รัก ใคร ช่าง ง่ายดาย ใจง่าย เกินไป ไหม เธอ โอ้ ใจ เอ๋ย โอ้ ใจ เอ๋ย ทำไม เจ็บ ไม่ จำ เพราะ เธอ รัก ก็ เพียงแค่ แต่ เขา เรา ก็ ต้อง ทำความเข้าใจ เอา เพราะ รัก ฉันนั้น ไม่ ใช่ รัก เรา เธอ รัก เขา ฮื้ม ฉัน เสียน้ำตา ให้ เธอ มาก แค่ ไหน ทำได้ เพียงแค่ ทำใจ ความรัก ฉัน หลุดลอย ไป สุดสายตา โอ้ ใจ เอ๋ย ทำไม หัวใจ ไม่ หลาบจำ ดึงดัน จะ รัก เธอ อยู่ ทั้งที่ รู้ ว่า เขา ไม่ ใช่ แต่ ยัง จะ รัก เขา หมด หัวใจ ปล่อย เขา ทำร้าย ย้ำ ๆ ซ้ำ ๆ เติม อยู่ โอ้ ใจ เอ๋ย ทำไม รัก ใคร ช่าง ง่ายดาย ใจง่าย เกินไป ไหม เธอ โอ้ ใจ เอ๋ย โอ้ ใจ เอ๋ย ทำไม เจ็บ ไม่ จำ เจ็บ ยังไง ก็ รัก เธอ ซ้ำ ยังไง ก็ รัก เธอ ใคร จะ พูด ยังไง ก็ รัก เธอ ก็ รัก ฮู้ ว โอ้ ใจ เอ๋ย ทำไม หัวใจ ไม่ หลาบจำ ดึงดัน จะ รัก เธอ อยู่ ทั้งที่ รู้ ว่า เขา ไม่ ใช่ แต่ ยัง จะ รัก เขา หมด หัวใจ ปล่อย เขา ทำร้าย ย้ำ ๆ ซ้ำ ๆ เติม อยู่ โอ้ ใจ เอ๋ย ทำไม รัก ใคร ช่าง ง่ายดาย ใจง่าย เกินไป ไหม เธอ โอ้ ใจ เอ๋ย โอ้ ใจ เอ๋ย ทำไม เจ็บ ไม่ จำ โอ้ ใจ เอ๋ย ทำไม เจ็บ ไม่ จำ,ดึงดัน,cocktail
อยู่ ไกล จน สุดสายตา ไม่ อาจ เห็น ว่า เรา ใกล้ กัน และ ทุกครั้ง หัวใจ ฉัน ยังคง ไหว หวั่น กับ ความทรงจำ นึกถึง ครั้งแรก เรา พบกัน เธอ และ ฉัน ไม่ เคย ต้อง ไกล ใน วันนี้ ฉัน ต้อง เผชิญ ความ ไหว สั่น อยู่ ภายในใจ กลัว การ ที่ เรา ไกล กัน กลัว ว่า ใจ จะ เปลี่ยน ผัน ไป ฝน พรำ เปรียบเหมือน ครั้ง ฉัน พบ เธอ แววตา ของ เธอ ยังคง ติด ตรึง ใน ใจ ไม่ ลืม รัก เรา ยัง ไม่ เก่า ลง ใช่ไหม หรือ กาลเวลา หมุน ไป เปลี่ยนใจ เธอ เป็น อีก ดวง เธอ เธอ ยัง คิดถึง ฉัน ไหม เมื่อ สอง เรา นั้น ยังคง ห่างไกล เมื่อ เวลา พา เรา ให้ ไกล กัน รู้ บ้าง ไหม คน ไกล ยังคง หวั่นไหว เมื่อ เขา มองดู ภาพ เธอ ทีไร น้ำตา มัน ยัง ไหล ออกมา หยาดน้ำค้าง ใน ยามเช้า กับ ลมหนาว จับใจ สาย ลมโชย อ่อน พัดพา ความรัก ฉัน ไป ส่ง ถึงใจ เธอ ที อื้ม เธอ เธอ ยัง คิดถึง ฉัน ไหม เมื่อ สอง เรา นั้น ยังคง ห่างไกล เมื่อ เวลา พา เรา ให้ ไกล กัน รู้ บ้าง ไหม คน ไกล ยังคง หวั่นไหว เมื่อ เขา มองดู ภาพ เธอ ทีไร น้ำตา มัน ยัง ไหล ออกมา กาลเวลา อาจ ทำให้ ใจ คนเรา เปลี่ยน ผัน ใน วัน ต้อง ไกล แต่ ฉัน ยังคง มี แต่ เธอ อยู่ ใน หัวใจ เสมอ เธอ เธอ ยัง คิดถึง ฉัน ไหม เมื่อ สอง เรา นั้น ยังคง ห่างไกล เมื่อ เวลา พา เรา ให้ ไกล กัน รู้ บ้าง ไหม คน ไกล ยังคง หวั่นไหว เมื่อ เขา มองดู ภาพ เธอ ทีไร น้ำตา มัน ยัง ไหล ออกมา เย้ เย ฮู้ ว เมื่อ เขา มองดู ภาพ เธอ ทีไร น้ำตา มัน ยัง ไหล,เธอ,cocktail
เนิ่นนาน ที่ เรา มอง ตา กัน ใน แววตา คู่ นั้น เหมือน เธอ ไม่ มั่นใจ เธอ สงสัย เรื่อง ใด สายตา ของ เธอ บอก บอ กว่า เธอ ไม่ มั่นใจ เรา คบ กัน มา เป็น ปี จาก วันนั้น ถึง วันนี้ เธอ ยัง คิด อะไร เธอ อยาก รู้เรื่อง ใด ขอ เธอ จง ถามไถ่ เธอ อย่า ทำ หน้า อย่างนั้น ความรัก ฉัน ไม่ เคย เลือนลาง ไม่ เคย จางหาย ไม่ เคย จาง ไกล ความคิดถึง ไม่ เคย จาง ไป จาก ใจ ฉัน มี แต่ เธอ เสมอ ความรัก ของ ฉัน ไม่ เปลี่ยนไป ไหน ความคิดถึง ฉัน ยัง ไม่ แปร เปลี่ยนไป เพราะ ฉัน รัก เธอ รัก เธอ มาก สัก เท่าไร ใจ ของ ฉัน จะ เป็น ของ เธอ เสมอ แม้ เวลา ผ่าน เป็น ปี จาก นาที แห่ง นี้ ไป จน นิรันดร์ เพราะ ฉัน รัก เธอ มาก เกิน กว่า ชีวิต ฉัน โปรด จำไว้ ว่า ใจ ฉัน เป็น ของ เธอ เรา สอง แม้ จะ แตกต่าง แต่ ชะตา ปลายทาง ยัง ให้ เรา มา เจอ ชีวิต ฉัน แม้ มัน จะ ไม่ ได้ เลิศเลอ โปรด เถิด เธอ จง รู้ ไว้ ความรัก ฉัน ไม่ เคย เลือนลาง ไม่ เคย จางหาย ไม่ คลาย เคลื่อน ไป เพราะ รักแท้ จะ ไม่ จาง ไป จาก ใจ ฉัน มี แต่ เธอ เสมอ ความรัก ของ ฉัน ไม่ เปลี่ยนไป ไหน ความคิดถึง ฉัน ยัง ไม่ แปร เปลี่ยนไป เพราะ ฉัน รัก เธอ รัก เธอ มาก สัก เท่าไร ใจ ของ ฉัน จะ เป็น ของ เธอ เสมอ แม้ เวลา ผ่าน เป็น ปี จาก นาที แห่ง นี้ ไป จน นิรันดร์ เพราะ ฉัน รัก เธอ มาก เกิน กว่า ชีวิต ฉัน โปรด จำไว้ ว่า ใจ ฉัน เป็น ของ เธอ ความรัก ฉัน ไม่ เคย เลือนลาง ไม่ เคย จางหาย ไม่ คลาย เคลื่อน ไป เพราะ รักแท้ ไม่ เคย จาง ไป จาก ใจ ฉัน มี แต่ เธอ เสมอ ความรัก ของ ฉัน ไม่ เปลี่ยนไป ไหน ความคิดถึง ฉัน ยัง ไม่ แปร เปลี่ยนไป เพราะ ฉัน รัก เธอ รัก เธอ มาก สัก เท่าไร ใจ ของ ฉัน จะ เป็น ของ เธอ เสมอ แม้ เวลา ผ่าน เป็น ปี จาก นาที แห่ง นี้ ไป จน นิรันดร์ เพราะ ฉัน รัก เธอ มาก เกิน กว่า ชีวิต ฉัน โปรด จำไว้ ว่า ใจ ฉัน เป็น ของ เธอ,เรา,cocktail
พยายาม จะ เป็น ให้ได้ ดัง ตั้งใจ และ ความตั้งใจ ของ ฉัน คือ การ ได้ ใกล้ เธอ เฝ้าคอย นับวัน ที่จะ เจอ เขยิบ เข้าไป ให้ ใกล้ เธอ เสมอ แต่ ความเป็นจริง มี ใคร หลาย คน ไม่ ต่างกัน เฝ้าคอย แข่งขัน ประลอง หัวใจ มอบให้ เธอ เธอ คือ จุดหมายปลายทาง ของ ใจ ของ ใครต่อใคร ที่ เขา ต้องการ จะ ใกล้ เธอ ฉัน ก็ เป็น คน หนึ่ง ไม่ ต่าง ที่หวัง จะ เป็นเจ้าของ หัวใจ หวัง ว่า เธอ จะ มอง กลับมา และ รู้ ว่า ฉัน เอง คิด กับ เธอ เช่นไร โปรด จง รู้ ว่าที่ ฉัน ทำ ลง ไป ฉัน ทำ ไป เพื่อ ใคร โปรด จง เห็น ทุก ความตั้งใจ ฉัน พร้อม ทุ่มเท ขนาด ไหน หยาดเหงื่อ ฉัน ยินดี เสีย ไป น้ำตา ฉัน ยินดี ริน ไหล ฉันนั้น รัก เธอ จน หมดใจ และ ฉัน รัก เธอ มาก เท่าไร โปรด จง รู้ แต่ ความเป็นจริง มี ใคร หลาย คน ไม่ ต่างกัน เฝ้าคอย แข่งขัน ประลอง หัวใจ มอบให้ เธอ เธอ คือ จุดหมายปลายทาง ของ ใจ ของ ใครต่อใคร ที่ เขา ต้องการ จะ ใกล้ เธอ ฉัน ก็ เป็น คน หนึ่ง ไม่ ต่าง ที่หวัง จะ เป็นเจ้าของ หัวใจ หวัง ว่า เธอ จะ มอง กลับมา และ รู้ ว่า ฉัน เอง คิด กับ เธอ เช่นไร โปรด จง รู้ ว่าที่ ฉัน ทำ ลง ไป ฉัน ทำ ไป เพื่อ ใคร โปรด จง เห็น ทุก ความตั้งใจ ฉัน พร้อม ทุ่มเท ขนาด ไหน หยาดเหงื่อ ฉัน ยินดี เสีย ไป น้ำตา ฉัน ยินดี ริน ไหล ฉันนั้น รัก เธอ จน หมดใจ และ ฉัน รัก เธอ มาก เท่าไร โปรด จง รู้ ว่า รัก ของ ฉันนั้น มัน อยู่ เหนือกว่า ศรัทธา ไม่ อ่อนล้า และ กาลเวลา ไม่ อาจจะ ทำให้ หวั่นไหว ไม่ เคย เป็น สอง ไม่ รอง ใคร ไม่ เคย พ่ายแพ้ แม้ หน้า ไหน ฉันนั้น รัก เธอ จน หมดใจ และ ฉัน รัก เธอ มาก เท่าไร โปรด จง รู้ โปรด จง รู้ ว่าที่ ฉัน ทำ ลง ไป ฉัน ทำ ไป เพื่อ ใคร โปรด จง เห็น ทุก ความตั้งใจ ฉัน พร้อม ทุ่มเท ขนาด ไหน หยาดเหงื่อ ฉัน ยินดี เสีย ไป น้ำตา ฉัน ยินดี ริน ไหล ฉันนั้น รัก เธอ จน หมดใจ และ ฉัน รัก เธอ มาก เท่าไร โปรด จง รู้ ว่า รัก ของ ฉันนั้น มัน อยู่ เหนือกว่า ศรัทธา ไม่ อ่อนล้า และ กาลเวลา ไม่ อาจจะ ทำให้ หวั่นไหว ไม่ เคย เป็น สอง ไม่ รอง ใคร ไม่ เคย พ่ายแพ้ แม้ หน้า ไหน เพราะ ฉัน รัก เธอ จน หมดใจ และ ฉัน รัก เธอ มากกว่า ใคร โปรด จง รู้,ไม่เป็นรอง,cocktail
โปรด อย่า มอง มา มัน ทำให้ ใจ ของ ฉันนั้น เริ่ม รู้สึก ไม่ เคย คิด เลย ว่า ต้อง มีใจ ให้ คน ที่ ไม่ เคย นึกถึง อ่ะ สายตา คู่ นั้น มัน เกินไป ฮุฮู เธอ ทำให้ ความคิด ของ ฉัน ร้อน เหมือน ไฟ ฮู้ จะ ทนไม่ไหว แล้ว แต่ ติด ที่ ใจ ของ ฉัน ไม่ กล้า เข้าไป ไม่ กล้า จะ บอก หาก ปล่อย ให้ เธอ ผ่าน ไป คงจะ ไม่ ดี แต่ จะ ให้ คว้า เธอ เอาไว้ กลัว ไม่ เป็น ดั่ง ใจ หาก พรุ่งนี้ ฉัน ต้อง เห็น เธอ ไป รัก ใคร คง ไม่ ดี คง ไม่ ดี คง ไม่ ดี ไม่ ดี เลย หนา สายตา แบบนี้ ทำให้ ฉัน เข้าใจผิด มัน ทำให้ คน อย่าง ฉัน เริ่ม คิด กับ เธอ เริ่ม ไม่ เหมือนเดิม อ่ะ สายตา คู่ นั้น มัน เกินไป ฮุฮู เธอ ทำให้ ความคิด ของ ฉัน ร้อน เหมือน ไฟ ฮู้ จะ ทนไม่ไหว แล้ว แต่ ติด ที่ ใจ ของ ฉัน ไม่ กล้า เข้าไป ไม่ กล้า จะ บอก หาก ปล่อย ให้ เธอ ผ่าน ไป คงจะ ไม่ ดี แต่ จะ ให้ คว้า เธอ เอาไว้ กลัว ไม่ เป็น ดั่ง ใจ หาก พรุ่งนี้ ฉัน ต้อง เห็น เธอ ไป รัก ใคร คง ไม่ ดี คง ไม่ ดี คง ไม่ ดี หาก ถ้า ปล่อย ให้ เธอ ผ่าน ไป คงจะ ไม่ ดี แต่ จะ ให้ คว้า เธอ เอาไว้ กลัว ไม่ เป็น ดั่ง ใจ คง ดี ถ้า คน อย่าง ฉัน กล้า จะ พูด ไป กับ เธอ นั้น จะ คิด เหมือนกัน ไหม อ้า ฮ้า ฮา สายตา คู่ นั้น มัน เกินไป เธอ ทำให้ ความคิด ของ ฉัน ร้อน เหมือน ไฟ จะ ทนไม่ไหว แล้ว แต่ ติด ที่ ใจ ของ ฉัน ไม่ กล้า เข้าไป ไม่ กล้า จะ บอก หาก ปล่อย ให้ เธอ ผ่าน ไป คงจะ ไม่ ดี แต่ จะ ให้ คว้า เธอ เอาไว้ กลัว ไม่ เป็น ดั่ง ใจ หาก พรุ่งนี้ ฉัน ต้อง เห็น เธอ ไป รัก ใคร คง ไม่ ดี คง ไม่ ดี คง ไม่ ดี หาก ถ้า ปล่อย ให้ เธอ ผ่าน ไป คงจะ ไม่ ดี แต่ จะ ให้ คว้า เธอ เอาไว้ กลัว ไม่ เป็น ดั่ง ใจ คง ดี ถ้า คน อย่าง ฉัน กล้า จะ พูด ไป กับ เธอ นั้น จะ คิด เหมือนกัน ไหม อ้า ฮ้า ฮา,17,Dept
หาก ใจ เธอ จากไป แล้ว ทำไม ยังอยู่ ตรงนี้ ฝืน ตัวเอง หรือเปล่า ตอบ ฉัน ได้ ไหม คนดี หาก การ ไป จาก ตรงนี้ ทำให้ เธอ รู้สึก ดี ขอ แค่ เพียง เธอ บอก ฉัน จะ ได้ ไม่ รอ ถ้า รู้สึก ไม่ เหมือนก่อน พูด มัน มา เลย ได้ ไหม อย่า ปล่อย ให้ ฉัน ได้ แต่ บอ กว่า รัก ถ้า เธอ นั้น ไม่ต้องการ ฝืน ไป คง ไม่ มีหวัง เพราะ ใน ตอนนี้ คง ต้อง บอกลา แล้ว ถ้า รู้สึก ไม่ เหมือนก่อน พูด มัน มา เลย ได้ ไหม อย่า ปล่อย ให้ ฉัน ได้ เฝ้ารอ รัก ลืม ทุก ๆ อย่าง ไป ซะ ดีกว่า ตอนนี้ เธอ ต้อง บอกลา แล้ว รอ จน ไม่ มี แรง เหลือ ให้ ไป ต่อ คง ไม่ ไหว ไม่ต้อง ห่วง ฉัน หรอก เธอ แค่ ตัดสินใจ ถ้า รู้สึก ไม่ เหมือนก่อน พูด มัน มา เลย ได้ ไหม อย่า ปล่อย ให้ ฉัน ได้ แต่ บอ กว่า รัก ถ้า เธอ นั้น ไม่ต้องการ ฝืน ไป คง ไม่ มีหวัง เพราะ ใน ตอนนี้ คง ต้อง บอกลา แล้ว ถ้า รู้สึก ไม่ เหมือนก่อน พูด มัน มา เลย ได้ ไหม อย่า ปล่อย ให้ ฉัน ได้ เฝ้ารอ รัก ลืม ทุก ๆ อย่าง ไป ซะ ดีกว่า ตอนนี้ เธอ ต้อง บอกลา แล้ว ลืม ทุก ๆ อย่าง ที่ เคย สัญญา ไป ซะ ดีกว่า อย่า เสียเวลา ทิ้ง ทุก ๆ อย่าง ไป พร้อม น้ำตา อยู่ ตรงนี้ เธอ คง เสียเวลา,คงต้องบอกลาแล้ว,Dept
หรือว่า ฉัน ก็ ควร รู้ตัว ที่ คุย กัน อยู่ อย่างนี้ ไม่ มี สัญญา น ที่ ดี ให้ กัน มา ตั้ง เก้า เดือน กว่า เธอ คิด กับ ฉัน แค่ เพื่อน ล่ะ มั้ง เอ๊ะ แต่ เรา ก็ เที่ยว ด้วยกัน จะ กินข้าว หรือ ดู หนัง ไหนจะ รอยยิ้ม ที่ เธอ ให้ ฉัน มัน ก็ ไม่ ธรรมดา คง ดี ถ้า เธอ ยอม พูด ออกมา รบกวน บอก ฉัน ถ้า เธอ ก็ รู้สึก ดี ที่ ฉัน อยู่ ตรงนี้ ไม่ ไกล เผื่อว่า คน แบบ ฉัน จะ ต้อง เผื่อ ใจ จะ ได้ รู้ หรือว่า ฉันนั้น ควรจะ พูด ก่อน ดี เธอ นั้น จะ ได้ ลอง คิดดู ไม่ กล้า เปิด ก่อน เดี๋ยว รู้ ความจริง รบกวน ช่วย บอก ฉัน ที เอ๊ะ แล้ว เขา คน นั้น เป็น ใคร เธอ ไป ตรงนั้น ตอน ไหน แล้ว เขา สำคัญ อะไร ยังไง เธอ คุย ด้วย นาน จัง หว่า สงสัย คง คนรู้จัก ล่ะ มั้ง เอ๊ะ แต่ มัน ก็ น่าสงสัย รอยยิ้ม ที่ เธอ ให้ เขา ตั้งใจ จ้อง ดูดี ดี บางที มัน ก็ ไม่ ธรรมดา เรื่อง มัน ชักจะ คุ้น คุ้น ล่ะ ห น่า รบกวน บอก ฉัน ถ้า เธอ ก็ รู้สึก ดี ที่ ฉัน อยู่ ตรงนี้ ไม่ ไกล เผื่อว่า คน แบบ ฉัน จะ ต้อง เผื่อ ใจ จะ ได้ รู้ หรือว่า ฉันนั้น ควรจะ พูด ก่อน ดี เธอ นั้น จะ ได้ ลอง คิดดู ไม่ กล้า เปิด ก่อน เดี๋ยว รู้ ความจริง รบกวน ช่วย บอก ฉัน ที รบกวน บอก ฉัน ถ้า เธอ ก็ รู้สึก ดี ที่ ฉัน อยู่ ตรงนี้ ไม่ ไกล เผื่อว่า คน แบบ ฉัน จะ ต้อง เผื่อ ใจ จะ ได้ รู้ หรือว่า ฉันนั้น ควรจะ พูด ก่อน ดี เธอ นั้น จะ ได้ ลอง คิดดู ไม่ กล้า เปิด ก่อน เดี๋ยว รู้ ความจริง รบกวน ช่วย บอก ฉัน ที รบกวน บอก ฉัน ถ้า เธอ ก็ รู้สึก ดี ที่ ฉัน อยู่ ตรงนี้ ไม่ ไกล เผื่อว่า คน แบบ ฉัน จะ ต้อง เผื่อ ใจ จะ ได้ รู้ หรือว่า ฉันนั้น ควรจะ พูด ก่อน ดี เธอ นั้น จะ ได้ ลอง คิดดู ไม่ กล้า เปิด ก่อน เดี๋ยว รู้ ความจริง รบกวน ช่วย บอก ฉัน ที,รบกวน,Dept
หาก ความรัก ที่ ศรัทธา เปรียบเสมือน แค่ เข้ามา ผ่าน ไป ดั่ง ฤดูกาล จด จำไว้ เพื่อ ลาจาก เมื่อ วันนั้น ถึง เวลา เธอ จะ หาย ไป ไม่ ย้อน มา แม้ ฉัน จะ เข้าใจ แล้ว ทุก ทุกอย่าง แต่ ไม่ เคย มี เลย สัก ทาง ที่จะ หยุด ให้ เธอ ไม่ ไป อ้อนวอน ไป กับ สายลม ช่วย พัด เธอ คืน ย้อน มา ก่อน ให้ เธอ อยู่ ตรงนี้ ต่อ ต่อไป ได้ ไหม ฮ้า ฮา แล้ว ความรัก ที่ มี ก็ หาย ผ่าน เมฆฝน และ ลม ที่ พัด ตาม กาลเวลา โลก ใบ นี้ ก็ ยังคง หมุน วน ความคิดถึง ให้ ผ่าน มา ว่า เธอ นั้น ได้ ผ่าน ไป แม้ ฉัน จะ เข้าใจ แล้ว ทุก ทุกอย่าง แต่ ไม่ เคย มี เลย สัก ทาง ที่จะ หยุด ให้ เธอ ไม่ ไป อ้อนวอน ไป กับ สายลม ช่วย พัด เธอ คืน ย้อน มา ก่อน ให้ เธอ อยู่ ตรงนี้ ต่อ ต่อไป ได้ ไหม ฮ้า ฮา หวัง ให้ เธอ รู้สึก เหมือน เมื่อวาน ลอง นึกถึง วันที่ ดี หวัง ให้ เธอ นั้น เก็บ ทุก ทุกอย่าง ฉัน เชื่อ ว่า เธอ ยังมี อยู่ หวัง ให้ เธอ หันกลับ ย้อน คืน มา แค่ มัน คง ไม่ มาก พอ หวัง ให้ ลม ช่วย ปลอบ ช่วย พัดพา,ฤดู,Dept
พอ มีทาง ไหม ที่ ฉัน จะ รั้ง ให้ เธอ เปลี่ยนใจ ฉัน จะ กอด เธอ เอาไว้ ไม่ ปล่อยไป แม้ว่า ครั้งนี้ ฉัน จะ ต้อง ทิ้ง ทุก ทุกสิ่ง ไป แต่ จะ ขอ เก็บ รัก เธอ ไว้ สุดท้าย ฉัน คง ต้อง ยอม ปล่อย ถ้า เธอ นั้น ไม่ต้องการ หาก ฉันนั้น พยายาม ให้ เรื่อง มัน ดีกว่า นี้ วันนี้ คง ดีกว่า นี้ ลา ลา ลา ฟัง อยู่ ไหม ฉัน แค่ ขอ เธอ กลับมา ฮ้า ฟัง อยู่ ไหม ฉัน แค่ ขอ เธอ กลับมา ฮ้า ลา ลา ลา พอ มีทาง ไหม ที่ ฉัน จะ รั้ง ให้ เธอ เปลี่ยนใจ ฉัน จะ กอด เธอ เอาไว้ ไม่ ปล่อยไป แม้ว่า ครั้งนี้ ฉัน จะ ต้อง ทิ้ง ทุก ทุกสิ่ง ไป แต่ จะ ขอ เก็บ รัก เธอ ไว้ ฟัง อยู่ ไหม ฉัน แค่ ขอ กลับมา ฮ้า ฟัง อยู่ ไหม ฉัน แค่ ขอ กลับมา ฮ้า ฟัง อยู่ ไหม ฉัน แค่ ขอ กลับมา ฮ้า ฟัง อยู่ ไหม ฉัน แค่ ขอ กลับมา ฮ้า,ลา ลา ลา,Dept
ใน วันที่ โลก ทั้ง ใบ บีบคั้น จนใจ ฉัน แหลก เรื่องราว ผู้คน ที่ ยัง เวียนวน คอย ทำร้าย ไม่ มี ผู้ใด เข้าใจ ใน วันที่ เธอ ไม่ อยู่ คอย ย้ำ เตือน ตัวเอง จากนี้ ไม่ เหมือนเดิม เมื่อ เธอ จากไป แสน ไกล แต่ อยาก ขอให้ เธอ อยู่ ด้วยกัน เหมือนก่อน อยาก ให้ เธอ กอด ฉัน ไว้ ให้ ใจ ที่ แตกสลาย คืน กลับมา อยาก ขอให้ เธอ อยู่ ตรงนี้ เหมือน เก่า โอบกอด ดวงใจ ที่ พังทลาย เก็บ จิตวิญญาณ ที่ หาย ไป ให้ กลับมา ยัง คิดถึง เธอ ทุกวัน ใน ใจ ฉัน ยัง ว่างเปล่า ยัง คิดถึง ถ้อยคำ ยัง จำ ทุก เรื่องราว เก็บ ไว้ ไม่ เคย หาย ไป แต่ อยาก ขอให้ เธอ อยู่ ด้วยกัน เหมือนก่อน อยาก ให้ เธอ กอด ฉัน ไว้ ให้ ใจ ที่ แตกสลาย คืน กลับมา อยาก ขอให้ เธอ อยู่ ตรงนี้ เหมือน เก่า โอบกอด ดวงใจ ที่ พังทลาย เก็บ จิตวิญญาณ ที่ หาย ไป ให้ กลับมา ทุก ทุก นาที ฉัน คิดถึง เธอ อยู่ ทุก ช่วงเวลา ทุก ลมหายใจ ทุก การ เดินทาง ทุก ความเป็นไป ฉัน คิดถึง เธอ อยาก ขอให้ เธอ อยู่ ด้วยกัน เหมือนก่อน อยาก ให้ เธอ กอด ฉัน ไว้ ให้ ใจ ที่ แตกสลาย คืน กลับมา อยาก ขอให้ เธอ อยู่ ตรงนี้ เหมือน เก่า โอบกอด ดวงใจ ที่ พังทลาย เก็บ จิตวิญญาณ ที่ หาย ไป ให้ กลับมา ทุก ทุก นาที ฉัน คิดถึง เธอ อยู่ ทุก ช่วงเวลา ทุก ลมหายใจ ทุก การ เดินทาง ทุก ความเป็นไป ฉัน คิดถึง เธอ,กลับมากอด,FREEHAND
ใน เมือง ที่ ไม่ มี แสง ดาว และ มองไม่เห็น ทาง ใน เมือง ที่ มี เพียง แสงไฟ ล่อ ให้ เรา ดิ้นรน กับ ฝัน ที่ มัน ลวง หลอก ให้ ฉัน ต้อง เดินทางไกล มี เพียงแค่ เธอ เพียงผู้เดียว ที่ เป็น เหมือน ทุกสิ่ง พ่ายแพ้ เจ็บปวด มา เท่าไร ขอ แค่ มี เธอ อยู่ ฉัน ก็ พร้อม จะ อยู่ และ ไม่ กลัว สิ่งใด โปรด บอก ฉัน ว่า โลก นี้ มัน ยัง ไม่ เลวร้าย เกินไป และ พรุ่งนี้ โลก ใบ นี้ มัน ยัง ไม่ แตกสลาย ไป ขอให้ เธอ ใจดี กับ ฉัน ใน วันที่ โลก ทั้ง ใบ ใจร้าย เคว้งคว้าง ล่องลอย ใน ทะเล ที่ มองไม่เห็น ฝั่ง ไม่ รู้ จะ จบ ลง เมื่อไร และ วันพรุ่งนี้ จะ เจอ สิ่ง ไหน แค่ ขอ เธอ คอย บอก และ ทำให้ ฉัน มั่นใจ โปรด บอก ฉัน ว่า โลก นี้ มัน ยัง ไม่ เลวร้าย เกินไป และ พรุ่งนี้ โลก ใบ นี้ มัน ยัง ไม่ แตกสลาย ไป ขอให้ เธอ ใจดี กับ ฉัน ขอให้ เธอ ใจดี กับ ฉัน ใน วันที่ โลก ทั้ง ใบ ใจร้าย อยู่ ตรงนี้ อยู่ กับ ฉัน โอบกอด ฉัน ไว้ ให้ นาน ๆ และ ช่วย ย้ำ ว่า ชีวิต มัน ยังมี ความสวยงาม อยู่ ขอให้ เธอ เป็น คน สุดท้าย ขอให้ เธอ เป็น คน สุดท้าย ที่ บอ กว่า ฉัน ไม่ มีความหมาย ขอให้ เธอ ใจดี กับ ฉัน ขอให้ เธอ ใจดี กับ ฉัน ใน วันที่ โลก ทั้ง ใบ ใจร้าย อยู่ ตรงนี้ อยู่ กับ ฉัน โอบกอด ฉัน ไว้ ให้ นาน ๆ และ ช่วย ย้ำ ว่า ชีวิต มัน ยังมี ความสวยงาม อยู่ ขอให้ เธอ เป็น คน สุดท้าย ขอให้ เธอ เป็น คน สุดท้าย ที่ บอ กว่า ฉัน ไม่ มีความหมาย โปรด บอก ฉัน ว่า โลก นี้ มัน ยัง ไม่ เลวร้าย เกินไป ใน เมือง ที่ ไม่ มี แสง ดาว และ มองไม่เห็น ทาง และ พรุ่งนี้ โลก ใบ นี้ มัน ยัง ไม่ แตกสลาย ไป ใน เมือง ที่ มี เพียง แสงไฟ ล่อ ให้ เรา ดิ้นรน ขอให้ เธอ ใจดี กับ ฉัน กับ ฝัน ที่ มัน ลวง หลอก ขอให้ เธอ ใจดี กับ ฉัน ให้ ฉัน ต้อง เดินทางไกล ใน วันที่ โลก ทั้ง ใบ ใจร้าย อยู่ ตรงนี้ อยู่ กับ ฉัน โอบกอด ฉัน ไว้ ให้ นาน ๆ ใน เมือง ที่ ไม่ มี แสง ดาว และ มองไม่เห็น ทาง และ ช่วย ย้ำ ว่า ชีวิต มัน ยังมี ความสวยงาม อยู่ ใน เมือง ที่ มี เพียง แสงไฟ ล่อ ให้ เรา ดิ้นรน ขอให้ เธอ เป็น คน สุดท้าย กับ ฝัน ที่ มัน ลวง หลอก ขอให้ เธอ เป็น คน สุดท้าย ให้ ฉัน ต้อง เดินทางไกล ที่ บอ กว่า ฉัน ไม่ มีความหมาย,ขอให้เธอใจดี,FREEHAND
ให้ อยู่ อย่างนั้น ให้ อยู่ กับ ฉัน วนเวียน ใน ฝัน ตลอดไป อยู่ กับ รอยยิ้ม ยัง เก็บ เธอ ไว้ อยู่ ใน กล่อง ที่ ไม่ มี ใคร มองเห็น ยังคง มึน มึน สับสน เหมือน ฉัน ยัง จม ใน โลก ของ ใคร ยังคง เบลอ เบลอ เหมือน ฉัน ยัง เพ้อ เหมือน ฉัน ติด อยู่ ใน คุก ที่ มองไม่เห็น จะ หนี มัน ไป อย่างไร ยัง ขัง ตัวเอง เอาไว้ ในจินตนาการ โซ่ ที่ ตรวน เอาไว้ คือ ภาพ ที่ เธอ จูบ ฉัน กลิ่นหอม ของ เธอ คืน นั้น คือ พันธนาการ กำแพง แน่นหนา ไม่ อาจ ขัดขืน ยินดี ให้ ความทรงจำ เหนี่ยวรั้ง ฉัน เอาไว้ ยังคง มึน มึน สับสน เหมือน ฉัน ยัง จม ใน โลก ของ ใคร ยังคง เบลอ เบลอ เหมือน ฉัน ยัง เพ้อ เหมือน ฉัน ติด อยู่ ใน คุก ที่ มองไม่เห็น จะ หนี มัน ไป อย่างไร ยัง ขัง ตัวเอง เอาไว้ ในจินตนาการ โซ่ ที่ ตรวน เอาไว้ คือ ภาพ ที่ เธอ จูบ ฉัน กลิ่นหอม ของ เธอ คืน นั้น คือ พันธนาการ กลิ่นหอม ของ เธอ คืน นั้น คือ พันธนาการ กลิ่นหอม ของ เธอ คืน นั้น คือ พันธนาการ,คุก,FREEHAND
กลิ่น ดอกไม้ บอก ฤดูกาล ลม หน้าหนาว พา ฉัน ย้อน ไป ที่ เธอ นั้น โอบกอด ฉัน ไว้ ข้าง กาย แววตา ของ เธอ ช่าง งดงาม จับมือ ฉัน อยู่ แค่ มี เรา เรื่อง วันนั้น เวลา นั้น ที่ ฉัน มี เธอ คน ที่ เคย กอด ฉัน ผ่าน เรื่องราว เลวร้าย ให้ มัน คอย บอก ฉัน ว่า ชีวิต ที่ เคย มี เธอ มีค่า ให้ มัน ยังคง สวยงาม อยู่ เช่น เดิม แม้ มัน จะ เหลือ แค่ เพียง ร่องรอย จาง ๆ รอย จูบ เธอ ยัง ประทับ ลง ใน หัวใจ ให้ ฉัน ยัง ได้ ชิม รส หวาน ที่ ทรมาน ดั่ง แผล เป็นที่ ช่วย เตือน ว่า ครั้งหนึ่ง ฉัน เคย พบ เธอ และ ร่ำลา ต่อให้ เริ่มใหม่ และ จบ ด้วย น้ำตา อีกครั้ง หาก ต้อง ย้อน ไป ลบ ทุกสิ่ง อาจ ไม่ เข้าใจ ความสวยงาม ใน บาดแผล และ ความรัก ไม่ เข้าใจ ให้ มัน เป็น รอย แผลเก่า เก็บ เรื่องราว เธอ ไว้ ให้ มัน คอย บอก ฉัน ว่า ชีวิต ที่ เคย มี เธอ มีค่า ให้ มัน ยังคง สวยงาม อยู่ เช่น เดิม แม้ มัน จะ เหลือ แค่ เพียง ร่องรอย จาง ๆ รอย จูบ เธอ ยัง ประทับ ลง ใน หัวใจ ให้ ฉัน ยัง ได้ ชิม รส หวาน ที่ ทรมาน ดั่ง แผล เป็นที่ ช่วย เตือน ว่า ครั้งหนึ่ง ฉัน เคย พบ เธอ และ ร่ำลา ต่อให้ เริ่มใหม่ และ จบ ด้วย น้ำตา อีกครั้ง ฉัน ยอม,รสหวาน,FREEHAND
วันนี้ เธอ เป็นไง ได้ พบ เจอ อะไร ทำร้าย มา หรือเปล่า เหนื่อยล้า มา ใช่ไหม ที่ เธอ ต้อง ยิ้ม เพื่อ ลบรอย น้ำตา ใคร ทำ เธอ ให้ เจ็บช้ำ คำ พูดจา ที่ ทำร้าย ทำให้ เธอ คิด ว่า ดี ไม่ พอ ไม่เป็นไร ให้ ฟัง ฉัน ลืม มัน ไป ให้ ปล่อย มัน อยู่ กับ ฉัน แล้ว พัก ลง ตรงนี้ ให้ เธอ รู้ ว่า เธอ ยังมี ฉัน ที่ ยัง รัก เธอ ยืน อยู่ ตรงนี้ แค่ เธอ หันมา สัญญา จะ ไม่ หาย ไป ถ้า เธอ เจอ ใคร ที่ ใจไม่ดี ทำให้ เธอ ต้อง เสียใจ แม้ พยายาม แต่ ไม่ มีความหมาย ไม่เป็นไร ไม่เป็นไร ใคร ทำ เธอ ให้ เจ็บช้ำ คำ พูดจา ที่ ทำร้าย ทำให้ เธอ คิด ว่า ดี ไม่ พอ ไม่เป็นไร ให้ ฟัง ฉัน ลืม มัน ไป ให้ ปล่อย มัน อยู่ กับ ฉัน แล้ว พัก ลง ตรงนี้ ให้ เธอ รู้ ว่า เธอ ยังมี ฉัน ที่ ยัง รัก เธอ ยืน อยู่ ตรงนี้ แค่ เธอ หันมา สัญญา จะ ไม่ หาย ไป แค่ เธอ รู้ ว่า เธอ ยังมี ฉัน ที่จะ ข้าง เธอ และ ไม่ ไป ไหน แม้ วัน ที่ เธอ ไม่ เหลือ ใคร แต่ แน่ใจ ได้ เลย ว่า เธอ จะ มี ฉัน อยู่ เมื่อ เธอ ร่วงหล่น ฉัน จะ คอย อยู่ รับ ไว้ เอง หนทาง มืดมน ฉัน จะ คอย อยู่ ใกล้ ๆ เธอ ให้ เธอ รู้ ว่า เธอ ยังมี ฉัน ที่ ยัง รัก เธอ ยืน อยู่ ตรงนี้ แค่ เธอ หันมา สัญญา จะ ไม่ หาย ไป แค่ เธอ รู้ ว่า เธอ ยังมี ฉัน ที่จะ ข้าง เธอ และ ไม่ ไป ไหน แม้ วัน ที่ เธอ ไม่ เหลือ ใคร แต่ แน่ใจ ได้ เลย ว่า เธอ จะ มี ฉัน อยู่,ให้เธอรู้,FREEHAND
ไม่ ได้ เป็น คน ที่ แข็งแรง กีฬา ฉัน เป็น แค่ ตัวแทน จะ วิ่ง ก็ โดน เขา วิ่ง แซง but Im still the man But Im still the man ทุกครั้ง ฉัน เกิด คำถาม ว่า ใน ผู้คน หลัก ล้าน จะ มี ใคร จะ เข้าใจ คน ที่ ยัง ขาดหาย คน ในที่สุด ท้าย ใคร จะ มอบ ความหมาย ให้ ฉัน ได้ อีก จน ฉัน ได้มา เจอ เธอ เลย รู้ ว่า ในความเป็นจริง ตัว ฉัน คน นี้ ยัง ไม่ สมบูรณ์ ภาพ ใน หัวใจ ฉัน ยัง เฝ้ารอ เธอ นั้น คือ jigsaw ที่ หาย ไป โปรด ประกอบ ฉัน ขึ้น มา ใหม่ หัวใจ ฉัน ขาด เธอ คนสำคัญ ผลงาน ที่จะ สมบูรณ์ ฉัน เลย รอ เธอ มา เติมเต็ม ให้ มัน perfect อาจจะ ไม่ ได้ เพียบพร้อม อะไร แต่ว่า ข้างใน ใจ มัน กำลัง เปลี่ยนไป เพราะ เธอ Ah ฉัน เต็มไปด้วย ความผิดพลาด ออกจาก โรงงาน ผลิตภัณฑ์ ที่ มีตำหนิ มาก แต่ ฉัน ไม่ โทษ หรอก จิต กร เพราะ เขา มีสิทธิ์ วาด ฉัน ก็ เป็น เพียง หนึ่ง ใน สิบ ภาพ คง พูด ไม่ ผิด มาก เพราะว่า ภาพ ของ ฉัน มัน ช่าง ขาด แล้วก็ เกิน เหมือน ถูก ใคร ลิขิต ว่า ให้ คน เดินผ่าน แล้วก็ เมิน แต่ ไม่ ว่า ใคร จะ ขีดฆ่า ไม่ ให้ ผ่าน การประเมิน แต่ เขา จะ ไม่ มีสิทธิ์ พล่าม เมื่อ ภาพ ของ ฉัน ได้ อยู่ กับ เธอ เพราะว่า เธอ เข้ามา ตอบ ข้อสงสัย ว่า ทำไม ฉัน โชคร้าย อยู่ ทุกที เรื่อง ดี ๆ อยู่ ที่ไหนบ้าง เธอ บอก มัน เป็น แค่ ข้ออ้าง ลอง มองดู คน รอบ ๆ ข้าง มัน ไม่ มี ใคร ที่ มัน จะ ดี ไป หมด ทุก รอบด้าน แล้ว มัน จะ ผิด ตรงไหน ถ้า ฉัน จะ ยอม กระจอก บ้าง ทุกคน ก็ ต้องการ ใคร สัก คน เข้ามา เพื่อ บอ กว่า ฉัน พร้อม จะ เข้ามา เติม และ เต็ม ทุกอย่าง ใน ช่องว่าง หยิบ jigsaw ชิ้น สุดท้าย ขึ้น มา ประกอบ ร่าง ยัง ไม่ สมบูรณ์ ภาพ ใน หัวใจ ฉัน ยัง เฝ้ารอ เธอ นั้น คือ jigsaw ที่ หาย ไป โปรด ประกอบ ฉัน ขึ้น มา ใหม่ หัวใจ ฉัน ขาด เธอ คนสำคัญ ผลงาน ที่จะ สมบูรณ์ ฉัน เลย รอ เธอ มา เติมเต็ม ให้ มัน perfect อาจจะ ไม่ ได้ เพียบพร้อม อะไร แต่ว่า ข้างใน ใจ แต่ว่า ข้างใน ใจ มัน กำลัง เปลี่ยนไป เพราะ เธอ แต่ว่า ข้างใน ใจ มัน กำลัง เปลี่ยนไป เพราะ เธอ,Lost Jigsaw,Guncharlie
เฮ้ เธอ อาจจะ เป็น แค่ เรื่อง บังเอิญ ที่ ได้ เจอ อาจจะ ฟัง เป็นเรื่อง เดิม เดิม ที่ ฉัน พูด ให้ เธอ ฟัง ตลอด ว่า ตอนนั้น ฉัน ขอบคุณ เธอ แสดง หัวใจ ให้ คน ไม่ มี หัวใจ ให้ได้ รับรู้ เยื่อใย จาก ใคร บางคน และ เป็น เหตุผล เดียว ที่ ฉัน ยังอยู่ และ ฉัน จะ อยู่ เพื่อ เธอ ขอบคุณ ที่ เธอ เกิด มา ให้ รัก ประทับ ร่องรอย ความสุข ข้างใน ใจ ฉัน ขอบคุณ ที่ เธอ เกิด มา ให้ ฉัน ได้ เจอ ได้ รู้จัก และ ได้ รัก เธอ อย่างนี้ เพราะ เธอ ทำให้ เข้าใจ หัวใจ ที่ มี ใคร ดูแล ฉัน ลืม ไป เลย ว่า เคย มี แผล เธอ คือ เหตุผล เดียว ที่ ฉัน ยังอยู่ และ ฉัน จะ อยู่ เพื่อ เธอ ขอบคุณ ที่ เธอ เกิด มา ให้ รัก ประทับ ร่องรอย ความสุข ข้างใน ใจ ฉัน ขอบคุณ ที่ เธอ เกิด มา ให้ ฉัน ได้ เจอ ได้ รู้จัก และ ได้ รัก เธอ อย่างนี้ ขอบคุณ ที่ เธอ เกิด มา ให้ ฉัน ได้ เจอ ได้ รู้จัก และ ได้ รัก เธอ อย่างนี้,ขอบคุณโลกนี้ที่มีเธอ,Guncharlie
บทสนทนา ก่อน แสง จะ มา เรา ใช้เวลา กัน ใต้ พระจันทร์ มี กันและกัน กลิ่นหอม หอม จาง น้ำหอม บาง บาง ใน หัวใจ ฉัน มี คำถาม เรา ยัง เหลือ เวลา เท่าไร เหมือน เรา สอง คน ปั้น ตุ๊กตา หิมะ ไป โปรด อย่า สนใจ ว่า สักวัน จะ ละลาย ขอ ปั้น ไป เท่านั้น ฤดูกาล จะ พา จะ พัด เธอ ไป จาก ฉัน ไม่ รู้ เมื่อไร ไม่เป็นไร ยังไง ได้ รัก กัน ใน วันนี้ ก็ดี เท่าไร ฤดูกาล มัน จะ ใจร้าย แต่ มีความหมาย ลึก ลึก ข้างใน ว่า ยังไง ฉัน ก็ จะ รัก เธอ ยังไง ฉัน ก็ จะ รัก เธอ อยู่ดี ฉัน จะ ได้ กุมมือ เธอ อีก กี่ วัน จะ ได้ พา เธอ ไปดู หนัง อีก กี่ เรื่องราว วัน ไหน ที่ ฟ้า พา เรา บอกลา ลมหนาว วัน ไหน ที่ เช้า ตื่น มา แล้ว ไม่ มี เธอ เหมือน เรา สอง คน ปั้น ตุ๊กตา หิมะ ไป โปรด อย่า สนใจ ว่า สักวัน จะ ละลาย ขอ ปั้น ไป เท่านั้น ฤดูกาล จะ พา จะ พัด เธอ ไป จาก ฉัน ไม่ รู้ เมื่อไร ไม่เป็นไร ยังไง ได้ รัก กัน ใน วันนี้ ก็ดี เท่าไร ฤดูกาล มัน จะ ใจร้าย แต่ มีความหมาย ลึก ๆ ข้างใน ว่า ยังไง ฉัน ก็ จะ รัก เธอ ยังไง ฉัน ก็ จะ รัก เธอ อยู่ดี ไม่ กลัว หิมะ ละลาย ไม่ กลัว หรอก แสง จะ มา จะ เก็บ ทุก ช่วงเวลา ดี ดี ที่ มี แค่ เธอ กับ ฉัน ไม่ กลัว หรอก ฤดูกาล จะ พา เธอ ไป เมื่อไร ไม่เป็นไร ยังไง ฉัน ก็ จะ รัก เธอ อยู่ ยังไง ฉัน ก็ จะ รัก เธอ,ตุ๊กตาหิมะ,Guncharlie
ฉัน เข้าใจ ว่า เรา ไป กัน ไม่ ไหว จริง จริง มัน ถึง เวลา ยอมรับ ความจริง ถึง รัก กัน แค่ ไหน ก็ ต้อง ทำความเข้าใจ ว่า เรา ไม่ ได้ ถูก สร้าง ไว้ ให้ อยู่ ด้วยกัน ก่อน เธอ กับ ฉัน เรา จะ เดิน ไป ห่างไกล มี คำถาม อยู่ ข้างใน ยัง หวั่นไหว เธอ ยัง เป็นห่วง กัน ไหม หาก วัน นึง ฉัน ไม่ ไหว อยาก จะ รู้ ก่อน เธอ จะ ไป ถ้า คิดถึง เธอ ฉัน ยัง ทัก ไปหา ได้ หรือเปล่า ถ้า ฉัน จะ ทัก ไป ถามถึง เรื่องราว จาก วันที่ เรา แยกทาง กัน ไป เลิกกัน ไป ถ้า คิดถึง เธอ ฉัน ยัง บอก ให้ รู้ ได้ หรือเปล่า หรือ ฉัน ต้อง ฝาก มัน ไว้ ที่ แสง ดาว ถ้า เธอ ไม่ อยาก รับฟัง หาก วัน ไหน ตื่น มา แล้ว มี น้ำตา หาก อ่อนล้า เกิน ใจ จะ ทน ไหว ยัง มีสิทธิ์ ไหม ที่จะ ส่ง ความในใจ ให้ เธอ ได้ ฟัง อย่า เกลียด ฉัน เลย เธอ ก่อน เธอ กับ ฉัน เรา จะ เดิน ไป ห่างไกล มี คำถาม อยู่ ข้างใน ยัง หวั่นไหว เธอ ยัง เป็นห่วง กัน ไหม หาก วัน นึง ฉัน ไม่ ไหว อยาก จะ รู้ ก่อน เธอ จะ ไป ถ้า คิดถึง เธอ ฉัน ยัง ทัก ไปหา ได้ หรือเปล่า ถ้า ฉัน จะ ทัก ไป ถามถึง เรื่องราว จาก วันที่ เรา แยกทาง กัน ไป เลิกกัน ไป ถ้า คิดถึง เธอ ฉัน ยัง บอก ให้ รู้ ได้ หรือเปล่า หรือ ฉัน ต้อง ฝาก มัน ไว้ ที่ แสง ดาว ถ้า เธอ ไม่ อยาก รับฟัง โฮ้ ถ้า คิดถึง เธอ ขึ้น มา แล้ว จากนี้ มี น้ำตา เธอ จะ หันมา แล้ว ปลอบ กัน อยู่ ไหม ถ้า คิดถึง เธอ ขึ้น มา แล้ว ถ้า มัน ยัง มีค่า เธอ จะ กลับ มาหา ฉัน ไหม,ถ้าคิดถึงเธอขึ้นมา,Guncharlie
เธอ จากไป ตั้ง นาน เธอ มี ใคร เข้ามา เรา เดิน แยกทาง แล้วก็ เดินทาง กัน ต่อ ฉัน เจอ คน มากมาย แต่ว่า ใน สุดท้าย ก็ ไม่ มี ใคร ที่ แทนที่ เธอ ได้ เลย และ ฉัน ยัง แอบ หวัง อยู่ สักวัน คง มีสิทธิ์ ที่ เธอ ก็ ยัง คิด อยาก จะ วกกลับ มาหา บานประตู ที่ เธอ เคย เดิน เข้ามา ตั้งแต่ เธอ ไป มัน ยังคง เปิด อ้า ยัง รอ เสมอ แม้ เธอ จะ มี ใคร ใจ ฉัน ยัง เหลือ ที่ นึง ให้ เธอ ฉัน ยัง เผื่อ ที่ นึง ให้ เธอ เผื่อ วัน ไหน เธอ จะ กลับมา มา เลย ไม่ต้อง เสียเวลา ฉัน ยัง เหลือ ที่ นึง ให้ เธอ เป็นที่ นึง เพื่อ เธอ เสมอ เว้น ที่ ไว้ ให้ คน พิเศษ เป็นเจ้าของ ที่นั่ง พิเศษ ใน ใจ ยินดีต้อนรับ ถ้า เธอ อยาก จะ แวะ มา อยาก จะ แวะ มา ไม่ต้อง พูดจา ใด ใด ให้ เสียเวลา เพราะ ตรงนี้ เป็นที่ ของ เธอ เสมอมา ไม่ต้อง เกรงใจ ไม่ ว่า ตอน ไหน เพราะ ฉัน ยัง แอบ หวัง อยู่ สักวัน คง มีสิทธิ์ ที่ เธอ ก็ ยัง คิด อยาก จะ วกกลับ มาหา บานประตู ที่ เธอ เคย เดิน เข้ามา ตั้งแต่ เธอ ไป มัน ยังคง เปิด อ้า ยัง รอ เสมอ แม้ เธอ จะ มี ใคร ใจ ฉัน ยัง เหลือ ที่ นึง ให้ เธอ ฉัน ยัง เผื่อ ที่ นึง ให้ เธอ เผื่อ วัน ไหน เธอ จะ กลับมา มา เลย ไม่ต้อง เสียเวลา ฉัน ยัง เหลือ ที่ นึง ให้ เธอ เป็นที่ นึง เพื่อ เธอ เสมอ เว้น ที่ ไว้ ให้ คน พิเศษ เป็นเจ้าของ ที่นั่ง พิเศษ ใน ใจ เหลือ ที่ นึง ให้ เธอ ฉัน ยัง เผื่อ ที่ นึง ให้ เธอ เผื่อ วัน ไหน เธอ จะ กลับมา มา เลย ไม่ต้อง เสียเวลา ฉัน ยัง เหลือ ที่ นึง ให้ เธอ เป็นที่ นึง เพื่อ เธอ เสมอ เว้น ที่ ไว้ ให้ คน พิเศษ เป็นเจ้าของ ที่นั่ง พิเศษ ใน ใจ,เผื่อวันไหนเธอจะกลับมา,Guncharlie
ได้ ดู ชุด ที่ สั่งตัด มา พิเศษ ลม ที่ พัด ปลาย ผม ปลิว เป็นครั้งคราว มี คำถาม ว่า ดู โอเค รึเปล่า มัน ดูดี ที่สุด เลย เว้ย แก Lipstick ฉัน ว่า แก เหมาะกับ สีแดง และ น้ำหอม กลิ่น นี้ เขา ชอบ แน่นอน อย่า ลืม ส่ง ยิ้ม แบบนี้ ให้ เขา ทุก ตอน จะ ดูดี ที่สุด เลย เว้ย และ ถ้า กังวล ว่า เขา มีใจ บ้าง ไหม Oh วิธี ดู ไม่ ยาก อะไร วันนี้ เวลา ได้ เจอ แก ลอง มอง ใน ตา เขา ถ้า มี สายตา แบบ เดียว กับ ชั้น ที่ มอง แก ตลอดมา ก็ แปล ว่า รัก หมด หัวใจ แก ลอง ประคอง มือ เขา ถ้า มี สัมผัส ไม่ ต่าง จาก ครั้ง ที่ ฉัน เคย ได้ จับ ไว้ แสดงว่า เขา นั้น เฝ้ารอ ทั้ง ชีวิต อยาก กอด คน ที่ เขา รัก และ ห่วงใย ที่สุด เลย เว้ย แก ตอน เปิด เพลง กำลัง กอด กัน เต้นรำ ให้ ซบ อก ซ้าย และ ฟัง เสียง ของ หัวใจ กระซิบ บอก ไป ว่า รัก เขา มาก เท่าไหร่ จะ ดูดี ที่สุด เลย เว้ย และ ถ้า กังวล ว่า เขา มีใจ บ้าง ไหม Oh วิธี ดู ไม่ ยาก อะไร วันนี้ เวลา ได้ เจอ แก ลอง มอง ใน ตา เขา ถ้า มี สายตา แบบ เดียว กับ ชั้น ที่ มอง แก ตลอดมา ก็ แปล ว่า รัก หมด หัวใจ แก ลอง ประคอง มือ เขา ถ้า มี สัมผัส ไม่ ต่าง จาก ครั้ง ที่ ฉัน เคย ได้ จับ ไว้ แสดงว่า เขา นั้น เฝ้ารอ ทั้ง ชีวิต อยาก กอด คน ที่ เขา รัก และ ห่วงใย ที่สุด เลย เว้ย แก ให้ เป็น คืน ที่ ดี ลงเอย กับ คน ที่ ฝัน ซัก ที เชื่อ ฉัน คนดี ลุย เลย คนดี แก ลอง มอง ใน ตา เขา ถ้า มี สายตา แบบ เดียว กับ ชั้น ที่ มอง แก ตลอดมา ก็ แปล ว่า รัก หมด หัวใจ แก ลอง ประคอง มือ เขา ถ้า มี สัมผัส ไม่ ต่าง จาก ครั้ง ที่ ฉัน เคย ได้ จับ ไว้ แสดงว่า เขา นั้น เฝ้ารอ ทั้ง ชีวิต อยาก ฉุด รั้ง เอาไว้ ไม่ ให้ ไป รัก ใคร ที่ไหน แต่ ต้อง ทน ไว้ ที่ เขา ทำได้ คือ เฝ้ารอ ทั้ง ชีวิต อยาก กอด คน ที่ เขา รัก และ ห่วงใย ที่สุด เลย เว้ย แก,ดูดี,POLYCAT
และ แล้วก็ รู้ ว่า คน ที่ จบกัน ไป ด้วย คำ ที่ บอ กว่า เรา จะ มา พบกัน ใหม่ มักจะ ไม่ พบกัน อีก จากกัน คราวนี้ ไม่ อยาก ให้ ดู โหดร้าย รู้ดี อย่า ห่วง ไม่ เคย จะ ทำให้ เธอ ต้อง ลำบาก และ อยาก จะ ให้ รู้ เอาไว้ ถ้า เธอ รัก ใคร มาก สัก หนึ่ง คน และ ผล คือ เขา จะ ไป เพราะ รัก นั้น เธอ จะ ไม่ ยอม แม้แต่ ปล่อย ให้ เขา กังวล แม้แต่น้อย เจ็บ เท่าไร ยินดี ให้ เขา นั้น เดิน ไป อย่าง ที่ ฉัน กำลัง ที่จะ ทำ เจ็บช้ำ ด้วย ความเต็มใจ ขอ แค่ สักครั้ง ที่ อย่าง น้อย เธอ สุขใจ แม้ ทำได้ เพียง ตอน สุดท้าย ก่อน จะ ลา ไม่ ว่า เธอ จะ พูด อะไร คำ ไหน ก็ ยอม โดยดี และ แล้วก็ รู้ เมื่อ เธอ เอ่ยปาก บอก ฉัน ว่า ความรัก คง ต้องการ มี ระยะ บางอย่าง แปล ว่า จะ ให้ เรา ห่าง กัน ไป จากกัน คราวนี้ ไม่ อยาก เป็น คนใจร้าย รู้ดี ไม่ มี อะไร ใจร้าย เท่า คน คิด จะ ไป คิด จะ ไป แต่ ปิด และ ซ่อน มัน เอาไว้ ถ้า เธอ รัก ใคร มาก สัก หนึ่ง คน และ ผล คือ เขา จะ ไป เพราะ รัก นั้น เธอ จะ ไม่ ยอม แม้แต่ ปล่อย ให้ เขา กังวล แม้แต่น้อย เจ็บ เท่าไร ยินดี ให้ เขา นั้น เดิน ไป อย่าง ที่ ฉัน กำลัง ที่จะ ทำ เจ็บช้ำ ด้วย ความเต็มใจ ขอ แค่ สักครั้ง ที่ อย่าง น้อย เธอ สุขใจ แม้ ทำได้ เพียง ตอน สุดท้าย ก่อน จะ ลา ไม่ ว่า เธอ จะ พูด อะไร คำ ไหน ก็ ยอม โดยดี ถ้า เธอ รัก ใคร มาก สัก หนึ่ง คน หาก ฉัน รัก เธอ มาก พอ พอ พอ และ ผล คือ เขา จะ ไป มาก พอที่จะ ให้ เธอ เริ่มใหม่ เพราะ รัก นั้น เธอ จะ ไม่ ยอม แม้แต่ ปล่อย ให้ จะ ไป ก็ตาม เขา กังวล แม้แต่น้อย ที่ เธอ สุขใจ เจ็บ เท่าไร ยินดี ให้ เขา นั้น เดิน ไป อย่าง ที่ ฉัน กำลัง ที่จะ ทำ เจ็บช้ำ ด้วย ความเต็มใจ ขอ แค่ สักครั้ง ที่ อย่าง น้อย เธอ สุขใจ แม้ ทำได้ เพียง ตอน สุดท้าย ก่อน จะ ลา ไม่ ว่า เธอ จะ พูด อะไร คำ ไหน ก็ ยอม โดยดี และ ผล คือ เขา จะ ไป เพราะ รัก นั้น เธอ จะ ไม่ ยอม แม้แต่ ปล่อย ให้ เขา กังวล แม้แต่น้อย เจ็บ เท่าไร ยินดี ให้ เขา นั้น เดิน ไป อย่าง ที่ ฉัน กำลัง ที่จะ ทำ เจ็บช้ำ ด้วย ความเต็มใจ ขอ แค่ สักครั้ง ที่ อย่าง น้อย เธอ สุขใจ แม้ ทำได้ เพียง ตอน สุดท้าย ก่อน จะ ลา ไม่ ว่า เธอ จะ พูด อะไร คำ ไหน ก็ ยอม โดยดี,พบกันใหม่,POLYCAT
แม้ ไม่ เคย ทำให้ เธอ ต้อง ร้องไห้ เลย อย่าง เขา คอย ดูแล คอย เอาใจ ดี แค่ ไหน ก็ ไม่ เคย ทำให้ เธอ นั้น ยิ้ม ได้ เลย อย่าง เขา เธอ ยัง รอ คน คืน มา จน เหนื่อยล้า ไม่ ผิดที่ เธอ นั้น จะ มั่นคง กับ คนรัก เก่า เพราะ ฉัน ก็ ห่วง แต่ เธอ เหมือนกับ ที่ เธอ ห่วง แต่ เขา แทนที่ เขา ไม่ ไหว อย่าง น้อย เธอ ไม่ ทุกข์ใจ ก็ พอ เธอ เป็น คนเดียว ที่ ไม่ ควร เสียใจ Alright จะ ตาม ไป จน ให้ เจอ ว่า เขา มัน เป็น ใคร บอก ไป ว่า เขา เท่านั้น ที่ เธอ คิดฝัน ใน ใจ และ อยาก ให้ กลับ ไป กอด เธอ เอาไว้ ทำ อะไร ที่ ฉัน ทำ ไม่ ได้ มี บาง คนรัก ไม่ ได้ ครึ่ง ฉัน เลย ด้วยซ้ำ ใย เป็น คน ได้ ครองใจ เธอ อย่างนั้น มี คนเดียว ที่จะ ไม่ ยอมให้ ทน เจ็บช้ำ ก็ คือ เธอ เธอ คนเดียว เธอ เท่านั้น ไม่ ผิดที่ เธอ นั้น จะ มั่นคง กับ คนรัก เก่า เพราะ ฉัน ก็ ห่วง แต่ เธอ เหมือนกับ ที่ เธอ ห่วง แต่ เขา แทนที่ เขา ไม่ ไหว อย่าง น้อย เธอ ไม่ ทุกข์ใจ ก็ พอ เธอ เป็น คนเดียว ที่ ไม่ ควร เสียใจ Alright จะ ตาม ไป จน ให้ เจอ ว่า เขา มัน เป็น ใคร บอก ไป ว่า เขา เท่านั้น ที่ เธอ คิดฝัน ใน ใจ และ อยาก ให้ กลับ ไป กอด เธอ เอาไว้ และ ลอง อภัย ให้ เธอ ได้ ไหม กลับ ไป รัก เธอ กลับ ไป รัก กัน ให้ ฉันนั้น ได้ สบายใจ เธอ เป็น คนเดียว ที่ ไม่ ควร เสียใจ Alright Alright จะ ตาม ไป จน ให้ เจอ ว่า เขา มัน เขา มัน เป็น ใคร เป็น ใคร บอก ไป ว่า เขา เท่านั้น และ เขา เท่านั้น ที่ เธอ คิดฝัน ใน ใจ และ อยาก ให้ กลับ ไป กอด เธอ เอาไว้ เธอ เป็น คนเดียว ที่ ไม่ ควร เสียใจ Alright จะ ตาม ไป จน ให้ เจอ ว่า เขา มัน เป็น ใคร บอก ไป ว่า เขา เท่านั้น และ เขา เท่านั้น ที่ เธอ คิดฝัน ใน ใจ และ อยาก ให้ กลับ ไป กอด เธอ เอาไว้ ทำ อะไร ที่ ฉัน ทำ ไม่ ได้ ที่ ฉัน ทำ ไม่ ได้ และ ลอง อภัย ให้ เธอ ได้ ไหม ฉันนั้น ทนไม่ไหว เมื่อ เธอ ร้องไห้,มันเป็นใคร,POLYCAT
ทุกปี ตอนนี้ ต้องหา ให้ เจอ สิ่งใด เหมาะสม เป็น ของขวัญ ให้ เธอ แต่ ไม่ อีกแล้ว ไม่ มี ปี ไหน ที่ เธอ จะ เชิญ ให้ ไป ร้องเพลง Happy Birthday ให้ ฟัง อีกแล้ว Listen และ วันสำคัญ ยังคง เป็น วัน เดิม เพียง คนสำคัญ ที่ ตรงนั้น เปลี่ยน แววตา ของ เธอ ยังคง งาม ดังเดิม เพียง คน ได้ มอง ข้างใน นั้น เปลี่ยน แต่ ใจ ของ ฉัน ยังคง เป็น คน เดิม รัก เธอ แค่ ไหนจะ ไม่ เปลี่ยน เห็น ว่า เขา ได้ ทำ อย่าง ที่ ฉัน ทำ มัน จะ ทนไม่ไหว ฉัน รู้ ว่า เธอ จะ ยิ้ม แบบ ไหน ตอน คน ที่ เธอ รัก Surprise ฉัน ยัง อาวรณ์ อยู่ Baby I want you และ ก็ รู้ ว่า เธอ ดีใจ แค่ ไหน เวลา ที่ เธอ ได้รับ ดอกไม้ กับ ข้อความ ว่า รัก กว่า ใคร ใคร คน ที่ เขา บอก จะ ไม่ ใช่ ตัว ฉัน หรอก จำไว้ ฉัน ยัง อาวรณ์ อยู่ Baby I want you ฉัน ยัง อาวรณ์ อยู่ Baby I want you ถ้า พร ของ ฉัน ที่จะ ให้ ไป ศักดิ์สิทธิ์ กว่า พระ อาจารย์ ที่ใด จะ ขอให้ เธอ ได้ มีพลัง รู้ ความในใจ ให้ เธอ รู้ ไว้ ไว้ ว่า ยังมี ใคร ที่ รอ เสมอ เฮ้อ และ วันสำคัญ ยังคง เป็น วัน เดิม เพียง คนสำคัญ ที่ ตรงนั้น เปลี่ยน แววตา ของ เธอ ยังคง งาม ดังเดิม เพียง คน ได้ มอง ข้างใน นั้น เปลี่ยน แต่ ใจ ของ ฉัน ยังคง เป็น คน เดิม รัก เธอ แค่ ไหนจะ ไม่ เปลี่ยน เห็น ว่า เขา ได้ ทำ อย่าง ที่ ฉัน ทำ มัน จะ ทนไม่ไหว ฉัน รู้ ว่า เธอ จะ ยิ้ม แบบ ไหน ตอน คน ที่ เธอ รัก Surprise ฉัน ยัง อาวรณ์ อยู่ Baby I want you และ ก็ รู้ ว่า เธอ ดีใจ แค่ ไหน เวลา ที่ เธอ ได้รับ ดอกไม้ กับ ข้อความ ว่า รัก กว่า ใคร ใคร คน ที่ เขา บอก จะ ไม่ ใช่ ตัว ฉัน หรอก จำไว้ จำไว้ เย่ ฮู้ ว เย่ ทั้ง ทั้งที่ รู้ ว่า เธอ จะ ไม่ มี วัน กลับมา ไม่ กลับมา อีกแล้ว เย่ เย เฮ โน โน โน ฮู้ ฮู้ ฮู เห็น ว่า เขา ได้ ทำ อย่าง ที่ ฉัน ทำ มัน จะ ทนไม่ไหว เย่ วู้ ว ฉัน รู้ ว่า เธอ จะ ยิ้ม แบบ ไหน ตอน คน ที่ เธอ รัก Surprise ตอน คน ที่ เธอ รัก Surprise ฉัน ยัง อาวรณ์ อยู่ Baby I want you I want you และ ก็ รู้ ว่า เธอ ดีใจ แค่ ไหน เวลา ที่ เธอ ได้รับ ดอกไม้ ดอกไม้ แบบ เดียว กับ ที่ ฉัน ให้ เธอ กับ ข้อความ ว่า รัก กว่า ใคร ว่า รัก กว่า ใคร คน ที่ เขา ไม่ ใช่ ฉัน ใคร คน ที่ เขา บอก จะ ไม่ ใช่ ตัว ฉัน หรอก จำไว้ Baby I want you I want you I want you ฮู้ ว ฉัน ยัง อาวรณ์ อยู่ Baby I want you ฉัน ยัง อาวรณ์ อยู่ Baby i want you,อาวรณ์,POLYCAT
ไม่ รู้ ว่า ต้อง โต ท่ามกลาง หมู่ ดอกไม้ มากมาย ขนาด ไหน เธอ จึง ได้ ครอบครอง รอยยิ้ม ที่ สวยงาม ขนาด นี้ วู ฮู้ ทำให้ รัก ใคร ไม่ ได้ อีก เลย วินาที ที่ เธอ เจอ กับ ฉัน มัน ทำ ทำให้ ความ เดียวดาย สลาย เพราะ ได้ เจอ อะไร ที่ คู่ควร ฉัน ขอบคุณ และ ให้ คำสัญญา ว่า จะ รักษา ไว้ ฉัน ไม่ต้องการ ใคร อีก ดวงดาว ทั้ง ฟ้า ต้อง เสียใจ และ ไม่ มี สิ่ง ไหน สวยงาม ต่อไป ตราบที่ โลก นี้ มี คน อย่าง เธอ และ ฉัน คือ คน โชคดี เมื่อ อ่าน ความหมาย ทุก คำ กวี ไม่ มี บท ไหน งดงาม อีกแล้ว ตราบที่ โลก นี้ ยัง มีชื่อ เธอ ได้ โปรด ให้ ฉัน เป็น คน สุดท้าย ได้ ไหม เธอ คือ ชีวิต และ ลมหายใจ เธอ มี หลาก ล้าน เม็ดทราย ทะเล อยู่ บน ร่างกาย เมื่อ มอง นัย ตา ของ เธอ เจอ หมอก รุ้ง พร่างพราว และ ค้นพบ เพลง หนึ่ง ที่ เพราะ ที่สุด เมื่อ เธอ ได้ พูด ออกมา อู้ ดีใจ เหลือเกิน ที่ ไม่ บังเอิญ หรือว่า ฝัน ไป ความ เดียวดาย สลาย เพราะ ได้ เจอ อะไร ที่ คู่ควร ฉัน ขอบคุณ และ ให้ คำสัญญา ว่า จะ รักษา ไว้ ฉัน ไม่ต้องการ ใคร อีก ดวงดาว ทั้ง ฟ้า ต้อง เสียใจ และ ไม่ มี สิ่ง ไหน สวยงาม ต่อไป ตราบที่ โลก นี้ มี คน อย่าง เธอ และ ฉัน คือ คน โชคดี เมื่อ อ่าน ความหมาย ทุก คำ กวี ไม่ มี บท ไหน งดงาม อีกแล้ว ตราบที่ โลก นี้ ยัง มีชื่อ เธอ ได้ โปรด ให้ ฉัน เป็น คน สุดท้าย ได้ ไหม เธอ คือ ชีวิต และ ลมหายใจ ปา ดา ดัป ปา เอ้อ ปา ดา ดัป ปา เอ้อ ฉัน ไม่ต้องการ ใคร อีก ดวงดาว ทั้ง ฟ้า ต้อง เสียใจ และ ไม่ มี สิ่ง ไหน สวยงาม ต่อไป ตราบที่ โลก นี้ มี คน อย่าง เธอ อย่าง เธอ เมื่อ อ่าน ความหมาย ทุก คำ กวี ไม่ มี บท ไหน งดงาม อีกแล้ว ตราบที่ โลก นี้ ยัง มีชื่อ เธอ ได้ โปรด ให้ ฉัน เป็น คน สุดท้าย ได้ ไหม เธอ จะ เป็น คน ที่ ฉัน ยก ใจ เก็บ ไว้ เก็บ ไว้ ให้ เธอ ผู้เดียว โว้โฮ้ โน้,เวลาเธอยิ้ม,POLYCAT
เธอ บอก กับ ฉัน เธอ ย้ำ ว่า กับ เขา จบ ไป ตั้ง นาน และ ไม่ มี วัน จะ กลับ ไป รัก ให้ ฉัน ไว้ใจ ก็ จริง ไม่ จริง ไม่ รู้ คำพูด เธอ แต่ เวลา เขา นั้น เดินผ่าน ตัว เธอ เอง ทุกครั้ง มี อาการ ให้ ฉัน ไว้ใจ เธอ อย่างไร กล้า กลับ ไปหา เขา หรือเปล่า ไป กับ ฉัน กลับ ไปหา เขา แล้ว บอก บอ กว่า เรา รัก กัน ทำได้ ไหม กล้า พอ ไหม ที่จะ ทำ แบบนี้ กล้า กลับ ไปหา เขา หรือเปล่า กลับ ไป ย้ำ กลับ ไป ย้ำคำ ที่ บอก บอ กว่า เธอ ไม่ รัก เขา จบกัน แล้ว ทำให้ ฉัน หน่อย ได้ ไหม แค่ เพียง อยากรู้ ตอนนี้ เธอ กับ เขา จบกัน หรือยัง ไม่ เคย ต้องการ จะ ตอก และ ย้ำ ซ้ำ หัวใจ ใคร ก็ จริง ไม่ จริง ไม่ รู้ คำพูด เธอ แต่ เวลา เขา นั้น เดินผ่าน ตัว เธอ เอง ทุกครั้ง มี อาการ ให้ ฉัน ไว้ใจ เธอ อย่างไร กล้า กลับ ไปหา เขา หรือเปล่า ไป กับ ฉัน กลับ ไปหา เขา แล้ว บอก บอ กว่า เรา รัก กัน ทำได้ ไหม กล้า พอ ไหม ที่จะ ทำ แบบนี้ กล้า กลับ ไปหา เขา หรือเปล่า กลับ ไป ย้ำ กลับ ไป ย้ำคำ ที่ บอก บอ กว่า เธอ ไม่ รัก เขา จบกัน แล้ว ทำให้ ฉัน หน่อย ได้ ไหม กล้า กลับ ไปหา เขา หรือเปล่า ไป กับ ฉัน กลับ ไปหา เขา แล้ว บอก บอ กว่า เรา รัก กัน ทำได้ ไหม ทำได้ ไหม กล้า พอ ไหม ที่จะ ทำ แบบนี้ กล้า กลับ ไปหา เขา หรือเปล่า กลับ ไป ย้ำ กลับ ไป ย้ำคำ ที่ บอก บอ กว่า เธอ ไม่ รัก เขา จบกัน แล้ว จบกัน แล้ว ทำให้ ฉัน หน่อย ได้ ไหม,กล้าพอไหม,POTATO
ต่อให้ เดิน ถึง ฝัน ที่สุด ไกล ต่อให้ เจอ สายรุ้ง ที่ ช่าง งดงาม ฉัน คิด ว่า มอง ยังไง ก็ ไม่ สวย เท่า แววตา คน ที่ ร่วมทาง อาจ มี คน ที่ ยินดี มากมาย อาจ มี คำ ชื่นชม มาจาก ใคร นับ ร้อย พัน ฉัน คิด ว่า ไม่ ซาบซึ้ง เท่า น้ำเสียง ที่ คอย ห่วงใย ที่ แสน จริงใจ จาก คน ข้าง ข้าง กัน เป็น คน ใกล้ ตัว ที่ คุ้นเคย มา เนิ่นนาน จน ความ ใกล้ กัน ทำให้ มอง เธอ ข้าม ไป วันนี้ ที่ กว่า จะ รู้ ว่า เธอ สำคัญ เธอ ก็ กลายเป็น ดั่ง ลมหายใจ เธอ คือ ความจริง ยิ่งกว่า ความฝัน เธอ ทำให้ ฉัน รู้คุณค่า ของ หัวใจ ถ้า ไม่ มี เธอ อยู่ ด้วยกัน ชีวิต ฉัน ก็ คง ไม่ รู้ เป็น เช่นไร มี เธอ จริง จริง เดิน อยู่ ข้าง ฉัน อีก กี่ ความฝัน แม้ว่า มัน จะ แสน ไกล ฉัน ไม่ กลัว อะไร ทั้งนั้น ขอ แค่ เรา มี กัน เสมอ ทั้ง หัวใจ มัน บอ กว่า รัก เธอ จน ขาด เธอ ไม่ ได้ เป็น คน ใกล้ ตัว ที่ คุ้นเคย มา เนิ่นนาน จน ความ ใกล้ กัน ทำให้ มอง เธอ ข้าม ไป วันนี้ ที่ กว่า จะ รู้ ว่า เธอ สำคัญ เธอ ก็ กลายเป็น ดั่ง ลมหายใจ เธอ คือ ความจริง ยิ่งกว่า ความฝัน เธอ ทำให้ ฉัน รู้คุณค่า ของ หัวใจ ถ้า ไม่ มี เธอ อยู่ ด้วยกัน ชีวิต ฉัน ก็ คง ไม่ รู้ เป็น เช่นไร มี เธอ จริง จริง เดิน อยู่ ข้าง ฉัน อีก กี่ ความฝัน แม้ว่า มัน จะ แสน ไกล ฉัน ไม่ กลัว อะไร ทั้งนั้น ขอ แค่ เรา มี กัน เสมอ ทั้ง หัวใจ มัน บอ กว่า รัก เธอ จน ขาด เธอ ไม่ ได้ ทั้ง หัวใจ มัน บอ กว่า รัก เธอ จน ขาด เธอ ไม่ ได้,ขาดเธอไม่ได้,POTATO
มันดี แค่ ไหน กัน ที่ เรา ได้ ร่วมทาง จนถึง วันนี้ ก็ เนิ่นนาน มัน เป็น เพราะ ฉัน เอง ยัง ดี ไม่ มาก พอ ทำ ที่ เธอ ขอ ไม่ ได้ เลย เมื่อ เธอ จะ ไป ก็ เข้าใจ เมื่อ เธอ เจอ ใคร ดีกว่า มากมาย คง ไม่ต้อง รอ ทำ ถูก แล้ว ที่ เธอ เลือก เขา และ ทิ้ง ฉัน ไว้ ตรง กลางทาง เมื่อ ตัว เธอ พบ คน ที่ ดี ที่ เธอ วาด ไว้ ใน หัวใจ ปล่อยมือ ฉัน ถูก แล้ว ให้ ใจ ของ ฉัน ปวดร้าว แค่ ไหน ยอม ฝืนใจ ให้ เธอ เดิน จาก ฉัน ไป เมื่อ รู้ ว่า เธอ มี คน ที่ พา ไป ถึง ปลายทาง ความจริง ที่ ฉัน กลัว กลัว การ ไม่ มี เธอ กลัว ถึง วันนี้ มา เนิ่นนาน เพียง คำ ว่า รัก เธอ มัน คง ไม่ เพียงพอ ให้ รั้ง เธอ ไว้ ไม่ ได้ เลย เมื่อ เธอ จะ ไป ก็ เข้าใจ เมื่อ เธอ เจอ ใคร ดีกว่า มากมาย คง ไม่ต้อง รอ โฮ้ ทำ ถูก แล้ว ที่ เธอ เลือก เขา และ ทิ้ง ฉัน ไว้ ตรง กลางทาง เมื่อ ตัว เธอ พบ คน ที่ ดี ที่ เธอ วาด ไว้ ใน หัวใจ ปล่อยมือ ฉัน ถูก แล้ว ให้ ใจ ของ ฉัน ปวดร้าว แค่ ไหน ยอม ฝืนใจ ให้ เธอ เดิน จาก ฉัน ไป เมื่อ รู้ ว่า เธอ มี คน ที่ พา ไป ถึง ปลายทาง ทำ ถูก แล้ว ที่ เธอ เลือก เขา และ ทิ้ง ฉัน ไว้ ตรง กลางทาง เมื่อ ตัว เธอ พบ คน ที่ ดี ที่ เธอ วาด ไว้ ใน หัวใจ ปล่อยมือ ฉัน ถูก แล้ว ให้ ใจ ของ ฉัน ปวดร้าว แค่ ไหน ยอม ฝืนใจ ให้ เธอ เดิน จาก ฉัน ไป เมื่อ รู้ ว่า เธอ มี คน ที่ พา ไป ถึง ปลายทาง,ทิ้งไว้กลางทาง,POTATO
ชีวิต บางคน ดิ้นรน จน เกิน คำ ว่า พอดี ที่ มี ก็ ดู ว่า น้อย อะไร ได้มา ก็ ยัง ไม่ค่อย พอใจ ฉัน อาจจะ เป็น อย่างนั้น กำลัง แข่งขัน แก่ง แย่งชิง กัน ไป แต่ เหตุ ที่ ฉัน ไม่ เป็น อย่าง ใคร บังเอิญ ว่า ฉัน มี เธอ ก็ เลย ไม่ เคย ต้องการ ไขว่คว้า อะไร ไม่ ดิ้น ให้ ทรมาน หวั่นไหว ก็ หยุด และ มั่นคง กว่า เดิม ตั้งแต่ ที่ ฉัน มี เธอ ก็ รู้ ว่า ความต้องการ หมด แล้ว ไม่ มี ไม่ต้อง ทะเยอทะยาน แค่นี้ ก็ สุข ทุกวัน แค่ มี เธอ ฉัน ยังไง ก็ เพียงพอ ชีวิต บางคน วิ่ง วน ไม่ เจอ คำ ว่า พอดี เพราะ มัวแต่ มอง ที่หมาย ไกล ไกล ไม่ เคย จะ ลอง ค้นหา ข้าง กาย ฉัน อาจจะ เป็น อย่างนั้น กำลัง แข่งขัน แก่ง แย่งชิง กัน ไป แต่ เหตุ ที่ ฉัน ไม่ เป็น อย่าง ใคร บังเอิญ ว่า ฉัน มี เธอ ก็ เลย ไม่ เคย ต้องการ ไขว่คว้า อะไร ไม่ ดิ้น ให้ ทรมาน หวั่นไหว ก็ หยุด และ มั่นคง กว่า เดิม ตั้งแต่ ที่ ฉัน มี เธอ ก็ รู้ ว่า ความต้องการ หมด แล้ว ไม่ มี ไม่ต้อง ทะเยอทะยาน แค่นี้ ก็ สุข ทุกวัน แค่ มี เธอ ฉัน ยังไง ก็ เพียงพอ ฉัน อาจจะ เป็น อย่างนั้น กำลัง แข่งขัน แก่ง แย่งชิง กัน ไป แต่ เหตุ ที่ ฉัน ไม่ เป็น อย่าง ใคร บังเอิญ ว่า ฉัน มี เธอ ก็ เลย ไม่ เคย ต้องการ ไขว่คว้า อะไร ไม่ ดิ้น ให้ ทรมาน หวั่นไหว ก็ หยุด และ มั่นคง กว่า เดิม ตั้งแต่ ที่ ฉัน มี เธอ ก็ รู้ ว่า ความต้องการ หมด แล้ว ไม่ มี ไม่ต้อง ทะเยอทะยาน แค่นี้ ก็ สุข ทุกวัน แค่ มี เธอ ฉัน ยังไง ก็ เพียงพอ ฉัน ยังไง ก็ เพียงพอ ฉัน ยังไง ก็ เพียงพอ แค่ มี เธอ ก็ เพียงพอ,เพียงพอ,POTATO
ไม่ ว่า เธอ ต้อง เจอ อะไร ให้ เสียน้ำตา ถ้า ต้องการ ระบาย ก็ ขอ แค่ เธอ พูด มา จะ นั่ง ตรงนี้ กับ เธอ แค่ อยาก ช่วย ซับ น้ำตา ให้ เธอ ใน วัน ร้าย ร้าย ไม่ ว่า เรื่อง อะไร ที่ เธอ จะ ต้อง กังวล หนัก เท่าไร แต่ เธอ ก็ ยังมี ฉัน ทั้งคน จะ ร้ายแรง เท่าไร ฉัน จะ อยู่ ตรงนี้ ไป จน กว่า แผล ที่ เจ็บ นั้น หาย ถ้า เธอ คิด ว่า โลก นี้ นั้น ไม่ ได้ อบอุ่น และ แสน ว่างเปล่า ให้ ฉัน ได้ กอด เธอ ใน วันที่ แพ้ วันที่ เธอ นั้น ต้อง มี แต่ น้ำตา ให้ ฉัน ได้ ร้องไห้ ไป กับ เธอ เก็บ ใจ ฉัน เอาไว้ เมื่อไร ที่ เธอ ต้องการ ให้ ดูแล เธอ ใน คืน ที่ แสน ยาวนาน จากนี้ ไม่ต้อง คิด ว่า ไม่ มี ไม่ เห็น ใคร คน ไหน ยังมี ฉัน ทั้งคน จะ เป็นเพื่อน เธอ ให้ เธอ นั้น ได้ นอนหลับ ถ้า เธอ กังวล ตัว ฉัน ก็ ไม่ ต่าง ใน คืน ที่ ดวงจันทร์ ยัง อบอุ่น ไป ด้วย มวล หมู่ ดาว เธอ ยังมี ฉัน อยู่ สิ่ง ที่ ดี จะ เพิ่ม เมื่อ เธอ ได้ เล่า มัน มา สิ่ง ที่ ร้าย จะ เบา เมื่อ เรา ได้ แชร์ น้ำตา จุดหมาย ของ หัวใจ มัน แค่ อาจ ต้อง ใช้เวลา เพื่อ เจอ กับ วันที่ ดี ถ้า เธอ คิด ว่า โลก นี้ นั้น ไม่ ได้ อบอุ่น และ แสน ว่างเปล่า ให้ ฉัน ได้ กอด เธอ ใน วันที่ แพ้ วันที่ เธอ นั้น ต้อง มี แต่ น้ำตา ให้ ฉัน ได้ ร้องไห้ ไป กับ เธอ โอ้ โอ เก็บ ใจ ฉัน เอาไว้ เมื่อไร ที่ เธอ ต้องการ ให้ ดูแล เธอ ใน คืน ที่ แสน ยาวนาน จากนี้ ไม่ต้อง คิด ว่า ไม่ มี ไม่ เห็น ใคร คน ไหน ยังมี ฉัน ทั้งคน จะ เป็นเพื่อน เธอ ให้ เธอ นั้น ได้ นอนหลับ ถ้า เธอ กังวล ตัว ฉัน ก็ ไม่ ต่าง ใน คืน ที่ ดวงจันทร์ ยัง อบอุ่น ไป ด้วย มวล หมู่ ดาว เธอ ยังมี ฉัน คน เดิม ยืน อยู่ ตรงนี้ ไม่ เคย ห่าง ไม่ ว่า ร้อน หรือ จะ หนาว ฉัน คน นี้ ก็ จะ พร้อม เสมอ ไม่ ไป ไหน โอ้โฮ ไม่ ไป ไหน ฮื้อ ฮือ เก็บ ใจ ฉัน เอาไว้ เมื่อไร ที่ เธอ ต้องการ ให้ ดูแล เธอ ใน คืน ที่ แสน ยาวนาน จากนี้ ไม่ต้อง คิด ว่า ไม่ มี ไม่ เห็น ใคร คน ไหน ยังมี ฉัน ทั้งคน จะ เป็นเพื่อน เธอ ให้ เธอ นั้น ได้ นอนหลับ ถ้า เธอ กังวล ตัว ฉัน ก็ ไม่ ต่าง ใน คืน ที่ ดวงจันทร์ ยัง อบอุ่น ไป ด้วย มวล หมู่ ดาว เธอ ยังมี ฉัน อยู่ โอ้โฮ จากนี้ ไม่ต้อง คิด ว่า ไม่ มี ไม่ เห็น ใคร คน ไหน ยังมี ฉัน ทั้งคน ถ้า เธอ กังวล ก็ คง ก็ ไม่ ต่างกัน,เพื่อนเธอ,POTATO
หาก กาลเวลา คือ การเปลี่ยนแปลง หาก การ เดินทาง คือ การ ได้ พบ เรื่องราว ใหม่ หาก ความทรงจำ ที่ ดี เหล่านั้น ได้ หาย ไป อาจ เป็น วันที่ เธอ นั้น จะ เหมือนเดิม หาก ว่าการ มี รัก นั้น ทำให้ เธอ ไม่ สุขใจ หากว่า ความคิดถึง ไม่ ทำให้ ใคร ย้อน กลับมา หากว่า ความผิดหวัง คือ การตอบแทน ที่ ได้มา หาก ว่าการ จา กลา นั้น ทำให้ เธอ ต้อง เสียใจ พอแล้ว สักที กับ น้ำตา ที่ มี ให้ กับ ใคร ที่ เขา ไม่ หวังดี เพียงแค่ เคย รู้จัก ยินดี ที่ รู้จัก ขอบคุณ ที่ ได้ พบ และ จา กลา อา ล้า ลาลา ล้า ออกเดินทาง เพื่อ ลืม เรื่องราว ที่ ผ่าน ที่ เธอ ยัง คิดถึง ทุกอย่าง แค่ ปล่อย เวลา ปล่อย มัน ค่อย ค่อย เลื่อน ผ่าน ไป จาก ความจริง ที่ เขา ไม่ต้องการ ฮา อาจ เป็น เพียงแค่ สายลม ที่ ได้ พัดผ่าน มา อาจ เป็น เพียงแค่ น้ำตา ที่ ยังคง ริน ไหล อาจ เป็น เพียงแค่ แสง ดาว ที่ มอง แล้ว เศร้าใจ เพียงแค่ เจอ คนใจร้าย ที่ ทำให้ เธอ ต้อง เสียใจ พอแล้ว สักที กับ น้ำตา ที่ มี ให้ กับ ใคร ที่ เขา ไม่ หวังดี เพียงแค่ เคย รู้จัก ยินดี ที่ รู้จัก ขอบคุณ ที่ ได้ พบ และ จา กลา อา ล้า ลาลา ล้า ออกเดินทาง เพื่อ ลืม เรื่องราว ที่ ผ่าน ที่ เธอ ยัง คิดถึง ทุกอย่าง แค่ ปล่อย เวลา ปล่อย มัน ค่อย ค่อย เลื่อน ผ่าน ไป จาก ความจริง ที่ เขา ไม่ต้องการ อา ฮื้อ เธอ ลอง มองดู รอบกาย ที่ เคย คิด ว่า ไม่ มี ใคร ดวงดาว ที่ ดู พร่างพราว ยัง คอย โอบกอด ดวงใจ แสงแดด ยามเช้า ยังคง อบอุ่น เสมอไป เธอ รู้ ไหม ว่า เธอ นั้น ยังคง มี เธอ เฮ้อ ออกเดินทาง เพื่อ ลืม เรื่องราว ที่ ผ่าน ที่ เธอ ยัง คิดถึง ทุกอย่าง แค่ ปล่อย เวลา ปล่อย มัน ค่อย ค่อย เลื่อน ผ่าน ไป จาก ความจริง ที่ เขา ไม่ต้องการ และ ปลอบ ตัวเอง ว่า ให้ ใจ นั้น ได้ ข้าม ผ่าน ให้ มีชีวิต อย่าง ที่ เธอ นั้น ต้องการ อา หาก กาลเวลา คือ การเปลี่ยนแปลง หาก การ เดินทาง คือ การ ได้ พบ เรื่องราว ใหม่ หาก ความทรงจำ ที่ ดี เหล่านั้น ได้ หาย ไป อาจ เป็น วันที่ เธอ นั้น ได้ เข้าใจ,ทิ้งไว้อย่างพอใจ,Purpeech
ฮู่ วา ฮ้า อา อา อา อ่า ฮ้า อา อ้า ฮ้า อา อา ฮู่ วา ฮ้า อา อา อา อ่า ฮ้า อา อ้า ฮ้า อา อา เรื่องราว แห่ง ความรัก ครั้งหนึ่ง ที่ เปื้อน ด้วย รอยยิ้ม และ มี น้ำตา ให้ กับ มัน หาก เปรียบ ดั่ง ดวงดาว คง สวยงาม ประดับประดา ด้วย เรื่องราว ที่ คิดถึง หาก เปรียบ ดั่ง ฤดูกาล ที่ เหงาใจ เธอ คือ ลม ที่ ฉัน คิดถึง ใน หน้าร้อน ไออุ่น ใน ทุก ครา ที่ ฉัน เคย ได้ วอนขอ ใน วันที่ ฝน พรำ นั้น ทำให้ ฉัน เปียกปอน ได้ โปรด เถอะ ให้ ฉัน หนี ไป จาก ตรงนี้ ใน ความทรงจำ แสน ดี ที่ ฉัน ยัง เก็บ เอาไว้ ได้ โปรด เถอะ ให้ ฉัน หาย ไป กับ เวลา ฮื้ม อืม เพราะ เธอ ยังอยู่ ตรงนี้ ที่ เดิม ไม่ เคย ลาจาก เป็น ดอกไม้ ที่ งดงาม ผู้ แสน พราง พราว ที่ ยัง คอย อยู่ ใน ดาว มืด ดำ ที่ ดู ว่างเปล่า ยังมี ฉัน คอย ดูแล ไม่ เคย เลือน จางหาย ฮู่ ยา ฮ้า อา อา อา อ่า ฮ้า อา อ้า ฮ้า อา อา เรื่องราว แห่ง ความรัก ครั้ง ใด ที่ ถูก ซ่อน เก็บ ไว้ แม้ วัน เวลา ได้ ผ่าน มา ภาพถ่าย ใน วันวาน ถูก ขีดเขียน ด้วย ปากกา ฝัน ว่า จะ มี กันและกัน อยู่ ตรงนี้ ตลอดไป หาก เปรียบ ดั่ง ฤดูกาล ที่ เปลี่ยน ผัน เธอ ยังคง เป็นลม ที่ ฉัน คิดถึง ใน หน้าร้อน ไออุ่น ใน ทุก ครา ที่ ฉัน เคย ได้ วอนขอ และ เธอ เปรียบ ดั่ง ฝน พรำ ที่ ทำให้ ฉัน เปียกปอน ได้ โปรด เถอะ ให้ ฉัน หนี ไป จาก ตรงนี้ แดน แสน ไกล ที่ ไม่ มี เธอ อยู่ ใน นั้น ได้ โปรด เถอะ ให้ ฉัน หาย ไป กับ เวลา อ๊า อา โฮ้ โอว เพราะ เธอ ยังอยู่ ตรงนี้ ที่ เดิม ไม่ เคย ลาจาก ฮ้า ฮา เป็น ดอกไม้ ที่ งดงาม ส่องแสง พร่างพราว ที่ ยัง คอย อยู่ ใน ดาว มืด ดำ ที่ ดู ว่างเปล่า หล่า ลา ล่า ลา หาก มี ฉัน คอย ดูแล อยาก พบ เธอ อีกครั้ง หล่า ลา ล้า ลา ลา ล้า หล่า ลาลา ล้า ลาลา หล่า หล่า ลา ล้า ลาลา ล่า ลา ฮ้า เย้ เฮ เอ้ เอ เพราะ ทุก ความรัก ใด ใด ที่ เคย มี กัน จะ งดงาม และ ตรึง ติดใจ พร้อม ทิ้ง รอย น้ำตา ความสุข ซ่อน เก็บ ไว้ ผ่าน เรื่องราว ที่ เรา เคย โอบกอด กัน เต้นรำ ใต้ แสง ดาว พราว ซิบ บอ กรัก กัน ด้วย เสียงเพลง บทกวี แห่ง รัก ที่ เรา เขียน เอง ซ่อน เก็บ ไว้ ให้ เป็น ดั่ง วัน ฮิ้ว เรา มา ทำให้ ภาพถ่าย วันนี้ มัน สวยงาม มา กว่า วันวาน ได้ ไหม ครับ นอกจาก จะ มี พวกเรา แล้ว มี พี่ ทอยส์ แล้ว ยังมี ทุกคน อีก ใช่ไหม ครับ ร้อง ด้วยกัน ได้ ไหม ตาม ผม นะ one two three four ฮู่ วา ฮ้า อา อา อา อ่า ฮ้า อา อ้า ฮ้า อา อา ฮู่ วา ฮ้า อา อา อา อ่า ฮ้า อา อ้า ฮ้า อา อา ทุกคน ฮู่ วา ฮ้า อา อา อา อ่า ฮ้า อา อ้า ฮ้า อา อา ฮู่ วา ฮ้า อา อา อา อ่า ดา อ้า สุดท้าย แล้ว ช่วยกัน หน่อย เร็ว ฮู้ วา ฮ้า ฮู่ วา ฮ้า อา อา อา อ่า ฮ้า อา อ้า ฮ้า อา อา ฮ้า อ้า อา อา ฮู่ วา ฮ้า อา อา อา อ่า ดา อ้า ฮู้ โว ฮู้ อู อู อู่ ว โว้ โว โฮ ฮื้มอื้ม อืม วู้ ว ฮู้ วฮิ้วอ๊าย,ภาพถ่ายวันวาน,Purpeech
ใคร บางคน ยังคง ใช้ชีวิต ต่อไป ใน เมือง ที่ มี ผู้คน แต่ ไม่ เคย มี ผู้ใด โลก ใบ เดิม ยังคง หมุน อย่าง ไร้จุดหมาย เหมือนกับ ตัว ฉัน ที่ ไม่ เคย เข้าใจ ใคร คน เดิม ยังคง ค้น และ หา คำตอบ ทุกสิ่ง ใน ความฝัน นั้น อยู่ ที่ไหน เดินทางออก ตามหา ก็ มา ตั้ง ไกล แต่ ยัง ไม่ พบ ความหมาย ของ ลมหายใจ มี หนึ่ง บทเพลง รัก ถูก เขียน ขึ้น ด้วย ความรัก ความผูกพัน และ ความเข้าใจ มี หนึ่ง คน ที่รัก ที่อยู่ ตรงนี้ ใกล้ ใกล้ เธอ ได้ยิน ไหม เมื่อไหร่ ที่ ลม ยัง พัด เข้ามา ให้ เธอ รู้ ว่า เวลา นั้น มี คน หนึ่ง ห่วงใย ฮ้า เมื่อไหร่ ที่ เธอ เจ็บช้ำ มี น้ำตา จำ เอาไว้ ว่า มี อีก คน ต้อง เสียใจ เธอ ไม่เป็นไร ฮ้า วัน เวลา ไม่ เคย หมุน ย้อน คืน ทุกอย่าง ทุกสิ่ง ที่ผ่านมา ช่าง มีความหมาย ท่ามกลาง กลุ่ม เมฆฝน ซัด ซา ใน หัวใจ อาจ ยัง ไม่ พบ สายรุ้ง ที่ ไกล ออก ไป มี หนึ่ง บทเพลง รัก ถูก เขียน ขึ้น ด้วย ความรัก ความผูกพัน และ ความเข้าใจ มี หนึ่ง คน ที่รัก ที่อยู่ ตรงนี้ ใกล้ ใกล้ เธอ ได้ยิน ไหม เมื่อไหร่ ที่ ลม ยัง พัด เข้ามา ให้ เธอ รู้ ว่า เวลา นั้น มี คน หนึ่ง ห่วงใย ฮ้า เมื่อไหร่ ที่ เธอ เจ็บช้ำ มี น้ำตา จำ เอาไว้ ว่า มี อีก คน ต้อง เสียใจ เธอ ไม่เป็นไร ฮ้า มี หนึ่ง บทเพลง รัก ถูก เขียน ขึ้น ด้วย ความรัก ความผูกพัน และ ความเข้าใจ มี หนึ่ง คน ที่รัก ที่อยู่ ตรงนี้ ใกล้ ใกล้ เธอ ได้ยิน ไหม เมื่อไหร่ ที่ ลม ยัง พัด เข้ามา ให้ เธอ รู้ ว่า เวลา นั้น มี คน หนึ่ง ห่วงใย ฮ้า เมื่อไหร่ ที่ เธอ เจ็บช้ำ มี น้ำตา จำ เอาไว้ ว่า มี อีก คน ต้อง เสียใจ ฮ้า อีก กี่ เรื่องราว ผิดหวัง สอน ให้ เธอ รู้ ใช่ไหม ว่า เธอ มีค่า มาก แค่ ไหน ฮ้า เธอ ไม่เป็นไร ยังมี ฉัน รอ อยู่ มี ความฝัน รอ อยู่ ยังมี รัก รอ อยู่ ไม่ ไกล ฮู้ ฮา,รักรออยู่ไม่ไกล,Purpeech
พบ เพื่อ เพียง ผ่าน บอก คำ ร่ำลา ด้วย ความคิดถึง ผ่านสายตา ที่ ลึกซึ้ง พร้อม บรรยากาศ ที่ ดู แล้ว ครึ้มใจ รัก ที่ เนิ่นนาน อาจ ถึง เวลา ต้อง จากกัน ไกล ต่าง เดินทาง ตาม ความฝัน แม้ ไม่ มี กัน อยู่ ตรงนี้ วัน และ เวลา เลย ผ่านพ้น เท่าไร ความงดงาม ยังคง จำ ไม่ เลือนหาย แต่ สิ่ง ที่ ฉัน ทำได้ คง มี แค่ เพียง หาก จะ เพียง ขอ ดวงดาว ใด ใด ฝาก ดูแล เธอ ด้วย ความจริงใจ หาก ใน วัน ไหน ถ้า เธอ ต้อง เจอ เรื่อง ใด หาก จะ วอน ขอให้ ลม ที่ ผ่าน ฝาก โอบกอด เธอ เมื่อ เธอ เศร้าใจ หาก ใน ตอน ไหน ถ้า เธอ ไม่ มี ผู้ใด รู้ ถึง การ จา กลา เปลี่ยนแปลง สายตา ให้ ดู ไกล ห่าง ภาพ วันวาน ยังคง สะท้อน อยาก ย้อน พา เรื่องราว ให้ กลับมา พบกัน วัน และ เวลา เลย ผ่านพ้น เท่าไร ความงดงาม ยังคง จำ ไม่ เลือนหาย แต่ สิ่ง ที่ ฉัน ทำได้ คง มี แค่ เพียง หาก จะ เพียง ขอ ดวงดาว ใด ใด ฝาก ดูแล เธอ ด้วย ความจริงใจ หาก ใน วัน ไหน ถ้า เธอ ต้อง เจอ เรื่อง ใด หาก จะ วอน ขอให้ ลม ที่ ผ่าน ฝาก โอบกอด เธอ เมื่อ เธอ เศร้าใจ หาก ใน ตอน ไหน ถ้า เธอ ไม่ มี ผู้ใด วัน และ เวลา เลย ผ่านพ้น เท่าไร ความงดงาม ผ่าน รอยยิ้ม ยัง คิดถึง แต่ สิ่ง ที่ ฉัน ทำได้ คง มี แค่ เพียง หาก จะ เพียง ขอ ดวงดาว ใด ใด ฝาก ดูแล เธอ ด้วย ความจริงใจ หาก ใน วัน ไหน ถ้า เธอ ต้อง เจอ เรื่อง ใด หาก จะ วอน ขอให้ ลม ที่ ผ่าน ฝาก โอบกอด เธอ เมื่อ เธอ เศร้าใจ หาก ใน ตอน ไหน ถ้า เธอ ไม่ มี ผู้ใด จะ คง มี ฉัน ที่ คอย มองดู การ เติบโต ของ กันและกัน อยู่ ใกล้ เพียง ความฝัน บน ดวงดาว ใน จักรวาล ที่ ไร้ ซึ้ง กัน คง มี แค่ ตัว ฉัน และ วันวาน ที่ ไม่ มีทาง คืน ย้อน กลับมา,หากเพียงจะขอ,Purpeech
อาจ เป็น เพียง อาการ เดิม เดิม ที่ ใคร เคย พบ บ้าง บางเวลา อาจ เป็น เพียง อารมณ์ อ่อนล้า นั้น พัดพา ให้ ใจ อ่อนไหว อาจ เป็น ช่วงเวลา ดี ดี ที่ ทำให้ เรา นั้น คิดถึง ใคร เธอ รู้สึก เหมือนกัน ใช่ไหม เธอ คิด เหมือนกับ ฉัน ใช่ไหม อาจ เป็น เพียงแค่ คำ บาง คำ ที่ เธอ เคย พูด ใน บางเวลา อาจ เป็น เพียง แววตา ที่ หวาน เคย จ้องมอง แค่ เพียง ตัว ฉัน อาจ เป็น เพียงแค่ เพลง บาง เพลง ยัง ซ่อน ความหมาย ให้ คิด ถึงกัน แล้ว เธอ อยู่ ที่ไหน แล้ว เธอ อยู่ ที่ไหน หรือ อาจ เป็น เพราะ ฉัน เอง ไม่ ใช่ เพราะ คำ ที่ เธอ นั้น บอก ว่า รัก จะ อยู่ รัก ฉัน อยู่ อยู่ อย่างนี้ ตลอดไป คง อาจ เป็น เพราะ ฉัน เอง มี เพียงแค่ เสียง กระซิบ ของ หัวใจ ว่า ยัง รัก เธอ จาก ตรงนี้ ไม่ มี ฉัน ก็ แค่ หวัง ให้ เธอ พบ วันที่ ดี ฤดูกาล เปลี่ยนไป แต่ หัวใจ ไม่ เคย เจอ อีก เทศกาล ผ่าน มา แต่ ฉัน ไม่ พบ เธอ ช่วงเวลา ที่ ดี เก็บ ไว้ อยู่ เสมอ ให้ เป็น เธอ ได้ ไหม เธอ ได้ ไหม ไม่เป็นไร หาก อย่าง น้อย มัน ก็ เคย มี ฉัน ดีใจ ที่ อย่าง น้อย มัน ก็ เคย ดี ได้ รู้จัก เข้ามา ได้ ทักทาย ยินดี ไม่เป็นไร แค่ แอบ เหงา บ้าง บางที คง อาจ เป็น เพราะ ฉัน เอง ไม่ ใช่ เพราะ คำ ที่ เธอ นั้น บอก ยัง รัก เธอ อยู่ รัก เธอ อยู่ คง อาจ เป็น เพราะ ฉัน เอง ไม่ ใช่ เพราะ รัก ใคร ฮู ฮู้ นี่ คือ เสียง กระซิบ ของ หัวใจ จาก คน ที่ คอย อยู่ เรื่อยไป ความหมาย ของ ความห่วงใย อาจ ทำให้ ใจ ของ เรา ห่าง กัน วันที่ เข็ม ของ นาฬิกา หยุด เดิน ตามหา กัน อย่าง วันนั้น จาก ตรงนี้ ไม่ มี ฉัน ก็ แค่ หวัง ให้ เธอ พบ วันที่ ดี,อาจเป็นเพราะฉันเอง,Purpeech
ชัด ชัด ชา ดา ดี ดา ชัด ชัด ชา ดา ดี ดา ดา ชัด ชัด ชา ดา ดี ดา ดา ดี ดา ใกล้ เธอ อีกแล้ว และ เป็น อย่างนี้ ทุกครั้ง ไป เหมือน ทุกอย่าง รอบตัว เริ่ม ไม่ค่อย ชัด ใกล้ เธอ แบบนี้ ไม่ค่อย ดี เพราะ ฉัน เอง ก็ ยัง ดู ไม่ ออก ว่า เธอ คิด อย่างไร เวลา เธอ ยิ้ม มา เวลา เธอ ทักทาย เวลา ที่ เธอ เล่า ให้ ฟัง ว่า แต่ละวัน มันดี หรือ ร้าย ยิ่ง เรา ได้ ใกล้ กัน ยิ่ง ทำให้ ฉัน คิด ไป ไกล ไม่ รู้ ว่า เธอ จะ คิด แบบ ฉัน บ้าง ไหม อยาก จะ มอง ให้ ชัด ชัด ยิ่งกว่า นี้ อีกหน่อย เผื่อ จะ ไม่ต้อง คอย คอย คอย แอบ หวัง อยู่ อย่างนี้ ช่วย บอก กัน ให้ ชัด เพราะ ที่ เธอ ทำ ช่าง แสน ดี เธอ ไม่ ชัดเจน หรือว่า ฉัน มอง ไม่ ชัด เอง ชัด ชัด ชา ดา ดี ดา ช่วย บอก กัน ให้ ชัด ชัด ชา ดา ดี ดา ดา อยาก จะ มอง ให้ ชัด ชัด ชา ดา ดี ดา ดา ดี ดา เวลา ที่ ได้ คุย กับ เธอ มัน เหมือนว่า เธอ ก็ หวั่นไหว ฉัน ไม่ ได้คิด ไป เอง ใช่ไหม ที่ เธอ บอก ฉัน ว่า เป็นเพื่อน ที่ เธอ ไว้ใจ แต่ ทำ กับ ฉัน ไม่ เหมือน เพื่อน ทั่ว ๆ ไป ทำ อย่างนี้ มัน แปล ว่า ไง ไม่ รู้ ว่า สายตา สายตา ที่ เธอ มอบให้ กัน มอบให้ กัน มัน มี อะไร ที่ สำคัญ หรือไม่ เคย มี อะไร ซ่อน ไว้ ยิ่ง เรา ได้ ใกล้ กัน ยิ่ง ทำให้ ฉัน คิด ไป ไกล ไม่ รู้ ว่า เธอ จะ คิด แบบ ฉัน บ้าง ไหม อยาก จะ มอง ให้ ชัด ชัด ยิ่งกว่า นี้ อีกหน่อย เผื่อ จะ ไม่ต้อง คอย คอย คอย แอบ หวัง อยู่ อย่างนี้ ช่วย บอก กัน ให้ ชัด เพราะ ที่ เธอ ทำ ช่าง แสน ดี เธอ ไม่ ชัดเจน หรือว่า ฉัน มอง ไม่ ชัด เอง อยาก จะ มอง ให้ ชัด ชัด ยิ่งกว่า นี้ อีกหน่อย เผื่อ จะ ไม่ต้อง คอย คอย คอย แอบ หวัง อยู่ อย่างนี้ ช่วย บอก กัน ให้ ชัด เพราะ ที่ เธอ ทำ ช่าง แสน ดี เธอ ไม่ ชัดเจน หรือว่า ฉัน มอง ไม่ ชัด เอง ชัด ชัด ชา ดา ดี ดา ชัด ชัด ชา ดา ดี ดา ดา ชัด ชัด ชา ดา ดี ดา ดา ดี ดา,พี่ๆ ตัดแว่นให้หน่อย,SERIOUS BACON
มัน จะ มี เพื่อน คน นึง ที่ พอ ไป รัก ใคร ก็ ไม่ เคย ทัก ไป มัน จะ มี เพื่อน คน นึง ที่ กิน แห้ว มา ตลอด มัน จะ มี เพื่อน คน นึง ที่ เธอ ไม่ สนใจ ที่ เธอ มองข้าม ไป เพื่อน คน นี้ ไม่ เคย จะ อยู่ ใน สายตา เธอ เลย ทั้ง ทั้งที่ เขา ก็ รักจริง ไม่ เคย จะ ทอด หรือ จะ ทิ้ง ไม่ เคย จะ ทำให้ ใคร ต้อง เสียใจ แต่ เพราะว่า เขา น่ะ ขี้อาย ก็ เลย ไม่ กล้า พูด ออก ไป ได้ แต่ ฝาก ฉัน มา ถาม ว่า เธอ จะ มีใจ บ้าง ไหม ถ้า ได้ รู้ ว่า เพื่อน ฉัน น่ะ ชอบ เธอ แล้ว เธอ จะ ชอบ เขา บ้าง ไหม ถ้า เขา ไม่ ได้ เป็น คน ที่ เลิศเลอ แล้ว เธอ จะ รำคาญ บ้าง ไหม ถ้า เขา ชอบ เนียน เนียน มา อยู่ ใกล้ เธอ ก็ ใกล้ ประมาณ เนี้ย ได้ ไหม ใช่ เลย ฉัน เอง คือ เพื่อน คน นั้นแหละ โอเค ฟัง นะ คือ เรื่อง มัน แบบ อย่างงี้ มัน รู้ ว่า เธอ ชอบ คน ตลก ก็ เลย ต้อง ฝึก เล่น มุก เตลิด เอ้ย ฝึก เล่น มุก ตลาด ฝึก เล่น มุก ตลอด เอ้ย ไม่ รู้ ว่า เธอ จะ ชอบ มัน ไหม ถ้า มัน เป็น คน ไม่ค่อย ตะหลุก เอ้ย คน ไม่ค่อย ตลก เฮ้ย ถูก แล้ว เอ้ย ถ้า เธอ ยัง สงสัย ที่ พูด น่ะ จริง ไหม ไอ เนี่ย มัน เป็น ใคร ก็ บอก เลย ว่า เธอ จะ เซอร์ไพรส์ ระวัง จะ ถูกใจ aye ฉัน ก็ แค่ มา พูด ดัก กลัว ว่า เธอ จะ คิดหนัก รอ ให้ เธอ ได้ รู้จัก เขา ดีกว่า ทั้ง ทั้งที่ เขา ก็ รักจริง ไม่ เคย จะ ทอด หรือ จะ ทิ้ง ไม่ เคย จะ ทำให้ ใคร ต้อง เสียใจ แต่ เพราะว่า เขา น่ะ ขี้อาย ก็ เลย ไม่ กล้า พูด ออก ไป ได้ แต่ ฝาก ฉัน มา ถาม ว่า เธอ จะ มีใจ บ้าง ไหม ถ้า ได้ รู้ ว่า เพื่อน ฉัน น่ะ ชอบ เธอ แล้ว เธอ จะ ชอบ เขา บ้าง ไหม ถ้า เขา ไม่ ได้ เป็น คน ที่ เลิศเลอ แล้ว เธอ จะ รำคาญ บ้าง ไหม ถ้า เขา ชอบ เนียน เนียน มา อยู่ ใกล้ เธอ ก็ ใกล้ ประมาณ เนี้ย ได้ ไหม ใช่ เลย ฉัน เอง คือ เพื่อน คน นั้นแหละ เธอ จะ มีใจ บ้าง ไหม ถ้า ได้ รู้ ว่า เพื่อน ฉัน น่ะ ชอบ เธอ แล้ว เธอ จะ ชอบ เขา บ้าง ไหม ถ้า เขา ไม่ ได้ เป็น คน ที่ เลิศเลอ แล้ว เธอ จะ รำคาญ บ้าง ไหม ถ้า เขา ชอบ เนียน เนียน มา อยู่ ใกล้ เธอ ก็ ใกล้ ประมาณ เนี้ย ได้ ไหม ใช่ เลย เธอ ถาม จริง นะ ว่า เธอ จะ มีใจ บ้าง ไหม ถ้า ได้ รู้ ว่า เพื่อน ฉัน น่ะ ชอบ เธอ แล้ว เธอ จะ ชอบ เขา บ้าง ไหม ถ้า เขา ไม่ ได้ เป็น คน ที่ เลิศเลอ ฮู้ ว แล้ว เธอ จะ รำคาญ บ้าง ไหม ถ้า เขา ชอบ เนียน เนียน มา อยู่ ใกล้ เธอ ก็ ใกล้ ประมาณ เนี้ย ได้ ไหม ใช่ เลย ฉัน เอง คือ เพื่อน คน นั้นแหละ,เธอๆ เพื่อนเราชอบ,SERIOUS BACON
บอก กัน ทำไม ดี จัง ที่ ได้ อยู่ ข้าง ฉัน ดี จัง ที่ ฉัน คอย ไป รับ ไป ส่ง เรียก ไป ไหน ก็ ไป ตลอด เลย ดี จัง ที่ ไม่ เคย ต้อง เหงา ดี จัง ที่ เรา ไม่ พูด กัน ก็ เข้าใจ เธอ มีเรื่อง อะไร ก็ บอก ให้ ฉัน ฟัง บอก กัน ว่า ฉันนั้น ดีมาก แค่ ไหน แต่ ไม่ มีทาง ที่ ฉัน จะ ได้ใจ เพราะ สุดท้าย เป็นได้ แค่ FRIEND friend บอก กัน ทำไม ว่า ฉัน เป็นเพื่อน ที่ ดี กับ เธอ เท่าไร บอก กัน ทำไม ให้ รู้ ว่า ดี แค่ ไหน ก็ ไม่ ได้ หัวใจ บอก กัน ทำไม ว่า ใคร ได้คู่ กับ ฉัน จะ โชคดี แค่ ไหน ก็ ใจ ฉัน มี แค่ เธอ แล้ว เธอ ไม่ อยาก เป็น คน โชคดี คน นั้น หรือไง เธอ บอก เป็นเพื่อน กับ ฉัน มันดี อย่าง งั้น อย่าง งู้น อย่างงี้ บอก กัน ทำไม เคย ถาม ฉัน แล้ว หรือไง ว่า อยาก เป็นเพื่อน กับ เธอ บ้าง ไหม บอก กัน ทำไม ชอบ มา พูด กับ ฉัน ว่า เธอ แอบ ชอบ ใคร ชอบ มา เล่า ให้ ฟัง ตอน เขา ทำ เสียใจ ชอบ เธอ ชอบ ทุกอย่าง แต่ ไม่ เคย ชอบ ฉัน บ้าง หรือไง บอก กัน ว่า ฉันนั้น ดีมาก แค่ ไหน แต่ ไม่ มีทาง ที่ ฉัน จะ ได้ใจ เพราะ สุดท้าย เป็นได้ แค่ FRIEND friend บอก กัน ทำไม ว่า ฉัน เป็นเพื่อน ที่ ดี กับ เธอ เท่าไร บอก กัน ทำไม ให้ รู้ ว่า ดี แค่ ไหน ก็ ไม่ ได้ หัวใจ บอก กัน ทำไม ว่า ใคร ได้คู่ กับ ฉัน จะ โชคดี แค่ ไหน ก็ ใจ ฉัน มี แค่ เธอ แล้ว เธอ ไม่ อยาก เป็น คน โชคดี คน นั้น หรือไง เป็น แค่ เพื่อน ที่ ดี มากกว่า นี้ ก็ คงจะ ดี แต่ เรา เป็น แค่ เพื่อนสนิท แค่ คิด มัน ก็ ผิด ก็ เธอ ไม่ เคย ให้ เรา เป็น มาก ไป กว่า นั้น บอก กัน ทำไม ว่า ฉัน เป็นเพื่อน ที่ ดี กับ เธอ เท่าไร บอก กัน ทำไม ให้ รู้ ว่า ดี แค่ ไหน ก็ ไม่ ได้ หัวใจ บอก กัน ทำไม ว่า ใคร ได้คู่ กับ ฉัน จะ โชคดี แค่ ไหน ก็ ใจ ฉัน มี แค่ เธอ แล้ว เธอ ไม่ อยาก เป็น คน โชคดี คน นั้น หรือไง บอก กัน ทำไม ว่า ฉัน เป็นเพื่อน ที่ ดี กับ เธอ เท่าไร เธอ เท่าไร บอก กัน ทำไม ให้ รู้ ว่า ดี แค่ ไหน ก็ ไม่ ได้ หัวใจ บอก กัน ทำไม ว่า ใคร ได้คู่ กับ ฉัน จะ โชคดี แค่ ไหน ก็ ใจ ฉัน มี แค่ เธอ แล้ว เธอ ไม่ อยาก เป็น คน โชคดี คน นั้น หรือไง เป็น แค่ เพื่อน ที่ ดี มากกว่า นี้ ก็ คงจะ ดี บอก กัน ทำไม ฉัน ไม่ ได้ อยาก ฟัง เป็น แค่ เพื่อน ที่ ดี มากกว่า นี้ ก็ คงจะ ดี,เพื่อนดีเด่น,SERIOUS BACON
บางที เธอ อาจ ไม่ ได้คิด ทำ ลง ไป ไม่ รู้ สักนิด ว่า มี ใคร พร่ำเพ้อ ไป ไกล บางที เธอ พูดจา หวาน หวาน บางที เรา สบตา นาน นาน และ บางที ก็ เหมือนว่า เธอ มีใจ แต่ ขอ เถอะ ช่วย ฉัน ได้ ไหม ถ้า เธอ ไม่ คิด อะไร อย่า ทำให้ ฉัน คิดมาก ไป อย่า มา ใช้ ถ้อยคำ ที่ เหมือน จะ พิเศษ ถ้า ฉัน ไม่ พิเศษ อย่า เลย อย่า พูด มัน ออกมา อย่า มา ทำ อะไร ให้ คิด ว่า พิเศษ หาก ไม่ เห็น ฉัน ใน สายตา ถ้า จะ ไม่ รัก กัน อยู่แล้ว อย่า ทำให้ คิด เลย ที่ เธอ ยิ้ม มา ที่ เธอ ซบ ไหล่ เธอ เคย ใส่ใจ อะไร บ้าง ไหม เดี๋ยว เธอ ก็ มา เดี๋ยว เธอ ก็ ไป ไม่ รู้ ว่า ฉันนั้น ต้อง ทำตัว แบบ ไหน เธอ เข้ามา ทำให้ เพ้อ นอนละเมอ คิดถึง เธอ อยาก พบ เจอ ไม่ รู้ ต้อง เป็น แบบนี้ อีก นาน สัก แค่ ไหน ถ้า ไม่ ได้คิด อะไร อย่า มา ทำให้ ฉัน หวั่นไหว ถ้า ไม่ มีใจ ก็ ไป ให้ ไกล เถอะ ฉัน ขอ เถอะ ช่วย ฉัน ได้ ไหม ถ้า เธอ ไม่ คิด อะไร อย่า ทำให้ ฉัน คิดมาก ไป อย่า มา ใช้ ถ้อยคำ ที่ เหมือน จะ พิเศษ ถ้า ฉัน ไม่ พิเศษ อย่า เลย อย่า พูด มัน ออกมา อย่า มา ทำ อะไร ให้ คิด ว่า พิเศษ หาก ไม่ เห็น ฉัน ใน สายตา ถ้า จะ ไม่ รัก กัน อยู่แล้ว อย่า ทำให้ คิด เลย อย่า มา ใช้ ถ้อยคำ ที่ เหมือน จะ พิเศษ ถ้า ฉัน ไม่ พิเศษ อย่า เลย อย่า พูด มัน ออกมา อย่า มา ทำ อะไร ให้ คิด ว่า พิเศษ หาก ไม่ เห็น ฉัน ใน สายตา ถ้า จะ ไม่ รัก กัน อยู่แล้ว อย่า ทำให้ คิด เลย ถ้า จะ ไม่ รัก ฉัน อยู่แล้ว อย่า ทำให้ คิด เลย,ไม่พิเศษ,SERIOUS BACON
เรา ไม่ เข้ากัน เลย เธอ ไม่ มี เวลา มี เรื่องราว มากมาย ที่ คุย กับ ฉัน ไม่ เข้าใจ เธอ ไม่ มี อะไร ส่วน ฉันนั้น ดี เกินไป คง รัก กัน ไม่ ไหว อยาก ให้ ไป เจอ คน ที่ ดีกว่า ฉัน ไม่ เข้าใจ ฉัน ไม่ เข้าใจ เมื่อก่อน เรา ไม่ เคย มีปัญหา อะไร ปัญหา อะไร แต่ พอ เขา เข้ามา กลับ มีเหตุผล มากมาย ไม่ ว่า กี่ เหตุผล ที่ เธอ บอก ฮู้ ไม่ ว่า กี่ คำพูด ฮู้ ที่ เธอ คอย อธิบาย ฉัน ได้ยิน มัน เพียงแค่ เรื่อง เดียว ว่า ไม่ รัก กัน แล้ว ฉัน ต้อง ทำ อย่างไร ใน เมื่อ กี่ เหตุผล ที่ เธอ เอ่ย ฮู้ มัน ยิ่ง ตอก ยิ่ง ย้ำ ว่า ฮา เรา คง ไม่ เหมือนเคย ถ้า รัก เธอ เปลี่ยนไป ให้ คนอื่น ไม่ต้อง พูด เลย เหตุผล ที่ ย้ำ ให้ ฉัน ยิ่ง เสียใจ ฉัน ไม่ ได้ อยาก ฟัง ฉัน ไม่ เข้าใจ ฉัน ไม่ เข้าใจ เมื่อก่อน เรา ไม่ เคย มีปัญหา อะไร ปัญหา อะไร แต่ พอ เขา เข้ามา กลับ มีเหตุผล มากมาย ไม่ ว่า กี่ เหตุผล ที่ เธอ บอก ฮู้ ไม่ ว่า กี่ คำพูด ฮู้ ที่ เธอ คอย อธิบาย ฉัน ได้ยิน มัน เพียงแค่ เรื่อง เดียว ว่า ไม่ รัก กัน แล้ว ฉัน ต้อง ทำ อย่างไร ใน เมื่อ กี่ เหตุผล ที่ เธอ เอ่ย ฮู้ มัน ยิ่ง ตอก ยิ่ง ย้ำ ว่า ฮา เรา คง ไม่ เหมือนเคย ถ้า รัก เธอ เปลี่ยนไป ให้ คนอื่น ไม่ต้อง พูด เลย เหตุผล ที่ ย้ำ ให้ ฉัน ยิ่ง เสียใจ ฉัน ไม่ ได้ อยาก ฟัง ถ้า เธอ อยาก รัก เขา เธอ ก็ ไป ไม่ต้อง พยายาม พูด อะไร ทั้งนั้น เพราะ ตอน สุดท้าย มี เพียง ตัว ฉัน ที่ ต้อง เสียใจ ไม่ ว่า กี่ เหตุผล ที่ เธอ บอก ไม่ ว่า กี่ คำพูด ที่ เธอ คอย อธิบาย ฉัน ได้ยิน มัน เพียงแค่ เรื่อง เดียว ว่า ไม่ รัก กัน แล้ว ฉัน ต้อง ทำ อย่างไร ใน เมื่อ กี่ เหตุผล ที่ เธอ เอ่ย ฮู้ มัน ยิ่ง ตอก ยิ่ง ย้ำ ว่า ฮา เรา คง ไม่ เหมือนเคย ถ้า รัก เธอ เปลี่ยนไป ให้ คนอื่น ไม่ต้อง พูด เลย เหตุผล ที่ ย้ำ ให้ ฉัน ยิ่ง เสียใจ ฉัน ไม่ ได้ อยาก ฟัง เลขหมาย ที่ ท่าน เรียก ไม่ สามารถ ติดต่อ ได้ ใน ขณะนี้ ไม่ อยาก ฟัง,ไม่อยากฟัง,SERIOUS BACON
อย่า โกรธ กัน เลย ยกโทษให้ ฉัน ถ้า ทำผิด ไป อย่า โทษ ฉัน เลย ฉัน เพียง ต้องการ ให้ เธอ เข้าใจ ช่วย บอก ได้ ไหม ต้องการ สิ่งใด ช่วย บอก ได้ ไหม ฉัน ให้ ทุกอย่าง ช่วย บอก ได้ ไหม ช่วย บอก ได้ ไหม ช่วย บอก ได้ ไหม แต่ อย่า มา จิ๊ จ๊ะ ให้ มัน มาก ไป มัน จะ เป็นบ้า เรื่องเล็ก จะ กลายเป็น เรื่องใหญ่ หาก เปลี่ยนเป็น จ๊ะจ๋า จะ ดีกว่า ไหม ฉัน ว่า เข้าท่า แต่ ถ้า จิ๊ จ๊ะ ฉัน ก็ ต้อง ไป แต่ อย่า มา จิ๊ จ๊ะ ให้ มัน มาก ไป มัน จะ เป็นบ้า เรื่องเล็ก จะ กลายเป็น เรื่องใหญ่ หาก เปลี่ยนเป็น จ๊ะจ๋า จะ ดีกว่า ไหม ฉัน ว่า เข้าท่า แต่ ถ้า จิ๊ จ๊ะ ฉัน ก็ ต้อง ไป ก็ บอก มา เลย เป็น เพียง คำถาม เพื่อ ความเข้าใจ อย่า โทษ ฉัน เลย ฉัน เพียง ต้องการ ให้ เธอ เข้าใจ ช่วย บอก ได้ ไหม ต้องการ สิ่งใด ช่วย บอก ได้ ไหม ฉัน ให้ ทุกอย่าง ช่วย บอก ได้ ไหม ช่วย บอก ได้ ไหม ช่วย บอก ได้ ไหม แต่ อย่า มา จิ๊ จ๊ะ ให้ มัน มาก ไป มัน จะ เป็นบ้า เรื่องเล็ก จะ กลายเป็น เรื่องใหญ่ หาก เปลี่ยนเป็น จ๊ะจ๋า จะ ดีกว่า ไหม ฉัน ว่า เข้าท่า แต่ ถ้า จิ๊ จ๊ะ ฉัน ก็ ต้อง ไป แต่ อย่า มา จิ๊ จ๊ะ ให้ มัน มาก ไป มัน จะ เป็นบ้า เรื่องเล็ก จะ กลายเป็น เรื่องใหญ่ หาก เปลี่ยนเป็น จ๊ะจ๋า จะ ดีกว่า ไหม ฉัน ว่า เข้าท่า แต่ ถ้า จิ๊ จ๊ะ ฉัน ก็ ต้อง ไป อย่า มา จิ๊ จ๊ะ ให้ มัน มาก ไป มัน จะ เป็นบ้า เรื่องเล็ก จะ กลายเป็น เรื่องใหญ่ หาก เปลี่ยนเป็น จ๊ะจ๋า จะ ดีกว่า ไหม ฉัน ว่า เข้าท่า แต่ ถ้า จิ๊ จ๊ะ ฉัน ก็ ต้อง ไป แต่ อย่า มา จิ๊ จ๊ะ ให้ มัน มาก ไป มัน จะ เป็นบ้า เรื่องเล็ก จะ กลายเป็น เรื่องใหญ่ หาก เปลี่ยนเป็น จ๊ะจ๋า จะ ดีกว่า ไหม ฉัน ว่า เข้าท่า แต่ ถ้า จิ๊ จ๊ะ ฉัน ก็ ต้อง ไป แต่ อย่า มา จิ๊ จ๊ะ ให้ มัน มาก ไป มัน จะ เป็นบ้า เรื่องเล็ก จะ กลายเป็น เรื่องใหญ่ หาก เปลี่ยนเป็น จ๊ะจ๋า จะ ดีกว่า ไหม ฉัน ว่า เข้าท่า แต่ ถ้า จิ๊ จ๊ะ ฉัน ก็ ต้อง ไป แต่ อย่า มา จิ๊ จ๊ะ ให้ มัน มาก ไป มัน จะ เป็นบ้า เรื่องเล็ก จะ กลายเป็น เรื่องใหญ่ หาก เปลี่ยนเป็น จ๊ะจ๋า จะ ดีกว่า ไหม ฉัน ว่า เข้าท่า แต่ ถ้า จิ๊ จ๊ะ ฉัน ก็ ต้อง ไป ไป ไป ไป ไป,จิ๊จ๊ะ,Silly Fools
มี คน มากมาย ต้องการ จะ หยุด ฉัน เพราะ สิ่ง ที่ เขา ฝัน มัน ดัน ไม่ ได้ ดั่ง ใจ หวัง แต่ ถึง มือ ไม่ พาย แถม ให้ เท้า เธอ ราน้ำ แต่ คิดดู ให้ ดี หาก คิด ว่า จะ หยุด ฉัน จะ หยุด ฉัน ไม่ ว่า จะ สูง แค่ ไหน ก็ ไป ถึง ไม่ มี คำ ว่า สูง วัด ได้ หาก ใจถึง จะ หนาวเหน็บ หนาว เพียง ไหนจะ ฝ่า ไป ร้อน เป็นฟืนเป็นไฟ จะ ฝ่า ไป จะ หนาวเหน็บ หนาว เพียง ไหนจะ ฝ่า ไป ร้อน เป็นฟืนเป็นไฟ จะ ฝ่า ไป เป็นเรื่อง ที่ น่าอาย ที่ มัน กลายเป็น เกลียด ฉัน ความอิจฉา คือ สิ่งใด ขึ้นอยู่ ที่ ใคร จะ ใช้ มัน คง อยาก ให้ ฉัน ฟูมฟาย ร้องไห้ ให้ เธอ มั้ง แต่ คิดดู ให้ ดี หาก คิด ว่า จะ หยุด ฉัน จะ หยุด ฉัน ไม่ ว่า จะ สูง แค่ ไหน ก็ ไป ถึง ไม่ มี คำ ว่า สูง วัด ได้ หาก ใจถึง จะ หนาวเหน็บ หนาว เพียง ไหนจะ ฝ่า ไป ร้อน เป็นฟืนเป็นไฟ จะ ฝ่า ไป จะ หนาวเหน็บ หนาว เพียง ไหนจะ ฝ่า ไป ร้อน เป็นฟืนเป็นไฟ จะ ฝ่า ไป ล้ม ลง แล้ว ก็ ไม่ แคล้ว สิ่ง หนึ่ง คือ ฉัน ไม่ ยอมแพ้ จะ ฝ่าฟัน แม้ เธอ นั้น จะ กีดกัน ฉัน ไม่ เหมือนกัน ไม่ มี วัน ยอมแพ้ ไม่ ว่า จะ สูง แค่ ไหน ก็ ไป ถึง จะ หนาวเหน็บ หนาว เพียง ไหนจะ ฝ่า ไป ไม่ มี คำ ว่า สูง วัด ได้ หาก ใจถึง ร้อน เป็นฟืนเป็นไฟ จะ ฝ่า ไป ไม่ ว่า จะ สูง แค่ ไหน ก็ ไป ถึง จะ หนาวเหน็บ หนาว เพียง ไหนจะ ฝ่า ไป ไม่ มี คำ ว่า สูง วัด ได้ หาก ใจถึง ร้อน เป็น ฟืน จะ หนาวเหน็บ หนาว เพียง ไหนจะ ฝ่า ไป ร้อน เป็นฟืนเป็นไฟ จะ ฝ่า ไป จะ หนาวเหน็บ หนาว เพียง ไหนจะ ฝ่า ไป ร้อน เป็นฟืนเป็นไฟ จะ ฝ่า ไป จะ หนาวเหน็บ หนาว เพียง ไหนจะ ฝ่า ไป ร้อน เป็นฟืนเป็นไฟ จะ ฝ่า ไป,วัดใจ,Silly Fools
เพลง นี้ เกี่ยวกับ ความรัก มัน เกี่ยวกับ หัวใจ มัน เกี่ยวกับ ที่ว่าง ข้างใน ที่เก็บ ไว้ ให้ เธอ คนเดียว มัน เกี่ยวกับ ความหวาน ฝันหวาน อยู่ อย่างนั้น มัน เกี่ยวกับ ความฝัน ที่ มัน เกิด ขึ้นกับ ฉัน คนเดียว แม้ ฉัน ทำ ทุกสิ่ง เพื่อให้ เธอ ไม่ ทิ้ง ฉัน ไป แม้ ฉัน ทำ ทุกอย่าง เผื่อ มีทาง จะ รั้ง เธอ ไว้ แต่ ทั้งที่ ร่ำร้อง เธอ ก็ ไม่ เหลียว มอง ร่ำร้อง จะ ไป ให้ ห่าง คำพูด ที่ เคย หวาน กลับเป็น คำ ถากถาง จน ห้าม น้ำตา กลั้น ไม่ ไหว แต่ ทั้งที่ ร่ำร้อง เธอ ก็ ไม่ เหลียว มอง ร่ำร้อง จะ ไป ให้ ห่าง คำพูด ที่ เคย หวาน กลับเป็น คำ ถากถาง จน ห้าม น้ำตา กลั้น ไม่ ไหว เรื่องราว มัน แปลก นัก ถึงแม้ รัก เธอ ก็ ไป กล้ำกลืน เก็บ เอาไว้ ความในใจ เก็บ เอาไว้ คนเดียว แม้ ฉัน ทำ ทุกสิ่ง เพื่อให้ เธอ ไม่ ทิ้ง ฉัน ไป แม้ ฉัน ทำ ทุกอย่าง เผื่อ มีทาง จะ รั้ง เธอ ไว้ แต่ ทั้งที่ ร่ำร้อง เธอ ก็ ไม่ เหลียว มอง ร่ำร้อง จะ ไป ให้ ห่าง คำพูด ที่ เคย หวาน กลับเป็น คำ ถากถาง จน ห้าม น้ำตา กลั้น ไม่ ไหว แต่ ทั้งที่ ร่ำร้อง เธอ ก็ ไม่ เหลียว มอง ร่ำร้อง จะ ไป ให้ ห่าง คำพูด ที่ เคย หวาน กลับเป็น คำ ถากถาง จน ห้าม น้ำตา กลั้น ไม่ ไหว แต่ ทั้งที่ ร่ำร้อง เธอ ก็ ไม่ เหลียว มอง ร่ำร้อง จะ ไป ให้ ห่าง คำพูด ที่ เคย หวาน กลับเป็น คำ ถากถาง จน ห้าม น้ำตา กลั้น ไม่ ไหว กลั้น ไม่ ไหว กลั้น ไม่ ไหว กลั้น ไม่ ไหว ไม่ เข้าใจ ไม่ เข้าใจ ไม่ เข้าใจ แต่ ทั้งที่ ร่ำร้อง เธอ ก็ ไม่ เหลียว มอง ร่ำร้อง จะ ไป ให้ ห่าง คำพูด ที่ เคย หวาน กลับเป็น คำ ถากถาง จน ห้าม น้ำตา กลั้น ไม่ ไหว แต่ ทั้งที่ ร่ำร้อง เธอ ก็ ไม่ เหลียว มอง ร่ำร้อง จะ ไป ให้ ห่าง คำพูด ที่ เคย หวาน กลับเป็น คำ ถากถาง จน ห้าม น้ำตา กลั้น ไม่ ไหว,เพลงนี้เกี่ยวกับความรัก,Silly Fools
เธอ อยู่ ตรงนั้น ยืน อยู่ ข้าง ฉัน ฉัน ไม่ เคย แม้แต่ ฝัน ว่า จะ ได้ พบ เธอ ท่ามกลาง ฮู้ คน ทั้งเมือง อีก เป็น ล้าน โดย ไม่ต้อง ตามหา ใคร เมื่อ เธอ ครอบครอง ฉัน ฉัน เคย เป็น อีก คน ใน เมือง แห่ง ความ เหงาใจ ที่ ไม่ เคย มี ตัวตน จน เธอ เข้ามา ครอบครอง หัวใจ เหมือนว่า ห้อง ของ ฉัน กลับ เปลี่ยนสี ไป มัน สวยงาม เกิน กว่า จะ พบ ได้ ที่ใด โอ เวลา ดัง หยุด เคลื่อนไหว เมือง นี้ ไม่ เหงา อีกต่อไป แค่ วันนี้ ฉัน มี เธอ เธอ อยู่ ตรงนั้น ยืน อยู่ ข้าง ฉัน ฉัน ไม่ เคย แม้แต่ ฝัน ว่า จะ ได้ พบ เธอ ท่ามกลาง คน ทั้งเมือง อีก เป็น ล้าน โดย ไม่ต้อง ตามหา ใคร เมื่อ เธอ ครอบครอง ฉัน หากว่า มี สิ่งใด มา ทำให้ เรา ไม่ เข้าใจ อยาก บอก เธอ เอาไว้ หาก ฉัน ผิด ไป ฉัน ขอโทษ เหมือนว่า โลก ของ เรา ได้ เปลี่ยนสี ไป มัน สวยงาม เกิน กว่า จะ พบ ได้ ที่ใด โอ เวลา ดัง หยุด เคลื่อนไหว เมือง นี้ ไม่ เหงา อีกต่อไป ต่อจากนี้ ฉัน มี เธอ เธอ อยู่ ตรงนั้น ยืน อยู่ ข้าง ฉัน ฉัน ไม่ เคย แม้แต่ ฝัน ว่า จะ ได้ พบ เธอ ท่ามกลาง คน ทั้งเมือง อีก เป็น ล้าน โดย ไม่ต้อง ตามหา ใคร เมื่อ เธอ ครอบครอง ฉัน เหมือนว่า โลก ของ เรา ได้ เปลี่ยนสี ไป มัน สวยงาม เกิน กว่า จะ พบ ได้ ที่ใด โอ เวลา ดัง หยุด เคลื่อนไหว เมือง นี้ ไม่ เหงา อีกต่อไป ต่อจากนี้ ฉัน มี เธอ เธอ อยู่ ตรงนั้น ยืน อยู่ ข้าง ฉัน ฉัน ไม่ เคย แม้แต่ ฝัน ว่า จะ ได้ พบ เธอ ท่ามกลาง คน ทั้งเมือง อีก เป็น ล้าน โดย ไม่ต้อง ตามหา กัน จะ กอด เธอ ไว้ ไม่ ให้ ไป ไหน เพราะ วันนี้ ไม่ ใช่ ฝัน นับตั้งแต่ เธอ เข้ามา หัวใจ ของ ฉัน ก็ ไม่ต้อง ตามหา ใคร เมื่อ เธอ ครอบครอง ฉัน,ข้างกัน,Three Man Down
ฉัน รู้ดี ว่า ทุกที ที่ เธอ มอง มา ที่ ฉัน เธอ พร้อม จะ ทำ ทุก ทาง ก็ เพื่อให้ เรา อยู่ ด้วยกัน สายตา และ มือ ของ เธอ ช่าง ดู อ่อนโยน ต่อ ฉัน แต่ ฉัน ไม่ อยาก ให้ เธอ ต้อง เสียใจ เพราะว่า ฉัน ไม่ เคย ลืม ฉัน ไม่ เคย ลืม เขา ไป สักวัน ยัง คิดถึง เขา ยัง คิดถึง เขา ทั้งที่ เธอ อยู่ กับ ฉัน ฉัน ใจร้าย แบบนี้ ก็ อย่า ทน เลย คนดี อยาก ให้ เธอ ไป เจอ คน ที่ ดี ถ้า เธอ รัก ฉัน จริง ได้ โปรด ทิ้ง ฉัน ไป ได้ โปรด เดิน หนี ฉัน ไป ให้ ไกล อย่า กอด ฉัน ไว้ เลย อย่า อยู่ กับ ฉัน เลย คน ที่ ลืม แฟน เก่า ไม่ ได้ แบบ ฉัน ไม่ ควร ได้รับ ความรัก จาก ใคร ทุกๆ ที ที่ ฉัน พยายาม มองหน้า เธอ แต่ สุดท้าย มัน ก็ เบลอ กลายเป็น เขา เสียง ของ เธอ บอ กรัก ฉัน ใน ทุกคืน ตื่นขึ้น มา ฉัน ก็ ลืม ฉัน คิดถึง แต่ เขา ภาวนา เพื่อให้ ลืม แต่ สุดท้าย ก็ ไม่ ลืม ยัง คิดถึง แต่ รัก วัน เก่าๆ ฉัน ผิด เอง เป็น ฉัน ถ้า เธอ รัก ฉัน จริง ได้ โปรด ทิ้ง ฉัน ไป ได้ โปรด เดิน หนี ฉัน ไป ให้ ไกล อย่า กอด ฉัน ไว้ เลย อย่า อยู่ กับ ฉัน เลย คน ที่ ลืม แฟน เก่า ไม่ ได้ แบบ ฉัน ไม่ ควร ได้รับ ความรัก จาก ใคร เพราะว่า ทุกที ที่ ฉัน มองหน้า เธอ มัน ก็ เบลอ กลายเป็น เขา ฉัน ยังคง มี แต่ เขา ใน ใจ ฉัน ยังคง มี แต่ เขา ก็เพราะว่า ทุกที ที่ ฉัน กอด เธอ ไว้ ฉัน แค่ เหงา ไม่ อยาก ให้ เธอ ต้อง ปวดร้าว รีบ ไป จาก ฉัน เถอะ เธอ ถ้า เธอ รัก ฉัน จริง ได้ โปรด ทิ้ง ฉัน ไป ได้ โปรด เดิน หนี ฉัน ไป ให้ ไกล อย่า กอด ฉัน ไว้ เลย อย่า อยู่ กับ ฉัน เลย คน ที่ ลืม แฟน เก่า ไม่ ได้ แบบ ฉัน ไม่ ควร ได้รับ ความรัก จาก ใคร ถ้า เธอ รัก ฉัน จริง ได้ โปรด ทิ้ง ฉัน ไป ได้ โปรด เดิน หนี ฉัน ไป ให้ ไกล อย่า กอด ฉัน ไว้ เลย อย่า อยู่ กับ ฉัน เลย คน ที่ ลืม แฟน เก่า ไม่ ได้ แบบ ฉัน ไม่ ควร ได้รับ ความรัก จาก ใคร เพราะว่า ทุกที ที่ ฉัน มองหน้า เธอ มัน ก็ เบลอ กลายเป็น เขา ฉัน ยังคง มี แต่ เขา ใน ใจ ฉัน ยังคง มี แต่ เขา ก็เพราะว่า ทุกที ที่ ฉัน กอด เธอ ไว้ ฉัน แค่ เหงา ไม่ อยาก ให้ เธอ ปวดร้าว รีบ ไป จาก ฉัน เถอะ เธอ,ถ้าเธอรักฉันจริง,Three Man Down
วน มา อีก ปี แล้ว วันเกิด ฉัน ที่ ไม่ มี เธอ ออก ไป เจอ ใคร ก็ เหมือนเดิม ไม่ มี ใคร ที่ เป็น เหมือน เธอ กลับมา ที่ ห้องนอน กับ เค้ก หนึ่ง ปอนด์ จุด เทียน อธิษฐาน เหมือน ที่ เธอ เคย บอก ฉัน ใน ตอนนั้น มี เพียง พร ข้อ เดียว ที่ ฉัน อยาก จะ ขอ และ เป็น เพียง ข้อ เดียว ที่ ฉัน ยัง เฝ้ารอ อยาก ให้ เธอ อยู่ ด้วยกัน อยาก ให้ เธอ อยู่ ด้วยกัน เหมือนเคย วันเกิด ฉัน ปี นี้ ขอ เธอ กลับมา ได้ ไหม ให้ เธอ กอด ฉัน เอาไว้ อีกครั้ง เหมือน วันนั้น ที่ เรา เคย รัก กัน Happy birthday to me ฉัน ยัง รอ เธอ ตรงนี้ เสมอ ถึงแม้ รู้ดี ว่า เธอ คง ไม่ กลับมา นึกถึง ปี นั้น ที่อยู่ ด้วยกัน เปิด กล่อง ของขวัญ ที่ เธอ ให้ ฉัน พูดถึง เรื่อง ความฝัน ที่ อยาก ทำ ด้วยกัน ก็ ไม่ รู้ ความฝัน ของ เธอ เหมือนเดิม ไหม ฉัน วิ่ง ไล่ตาม มัน ทุกวัน อย่าง ตั้งใจ หากว่า สักวันหนึ่ง ที่ ฉัน ทำได้ เธอ จะ กลับมา ไหม มี เพียง พร ข้อ เดียว ที่ ฉัน อยาก จะ ขอ และ เป็น เพียง ข้อ เดียว ที่ ฉัน ยัง เฝ้ารอ อยาก ให้ เธอ อยู่ ด้วยกัน อยาก ให้ เธอ อยู่ ด้วยกัน เหมือนเคย วันเกิด ฉัน ปี นี้ ขอ เธอ กลับมา ได้ ไหม ให้ เธอ กอด ฉัน เอาไว้ อีกครั้ง เหมือน วันนั้น ที่ เรา เคย รัก กัน Happy birthday to me ฉัน ยัง รอ เธอ ตรงนี้ เสมอ ถึงแม้ รู้ดี ว่า เธอ คง ไม่ กลับมา ถ้า ฉัน อธิษฐาน ด้วย หัวใจ เรา จะ ได้ พบกัน ไหม เพียง คำขอ เดียว ใน วันเกิด ฉัน จะ เป็นจริง ได้ ไหม มี เพียง พร ข้อ เดียว ที่ ฉัน อยาก จะ ขอ และ เป็น เพียง ข้อ เดียว ที่ ฉัน ยัง เฝ้ารอ อยาก ให้ เธอ อยู่ ด้วยกัน อยาก ให้ เธอ อยู่ ด้วยกัน เหมือนเคย วันเกิด ฉัน ปี นี้ ขอ เธอ กลับมา ได้ ไหม ให้ เธอ กอด ฉัน เอาไว้ อีกครั้ง เหมือน วันนั้น ที่ เรา เคย รัก กัน Happy birthday to me ฉัน ยัง รอ เธอ ตรงนี้ เสมอ ถึงแม้ รู้ดี ว่า เธอ คง ไม่ กลับมา ถ้า ฉัน อธิษฐาน ด้วย หัวใจ เรา จะ ได้ พบกัน ไหม เพียง คำขอ เดียว ใน วันเกิด ฉัน จะ เป็นจริง ได้ ไหม,วันเกิดฉันปีนี้,Three Man Down
ใน ค่ำคืน ที่ ไม่ มี ดาว บน ฟ้า เป็น ค่ำคืน ที่ แสน จะ ธรรมดา บรรยากาศ รอบตัว ไม่ค่อย ช่วย ฉัน เลย อยาก จะ ดึง มือ เธอ มา กุม เอาไว้ บอ กว่า รัก เธอ มากมาย แค่ ไหน แต่ว่า ฉัน ก็ ไม่ เคย ได้ พูด ไป เพราะ ปกติ ฉัน พูด ไม่ เก่ง เธอ ก็ คงจะ รับ และ รู้เรื่อง นี้ ดีกว่า ใคร ใคร และ เหตุผล ที่ ฉัน ไม่ พูด อะไร ที่ หวาน ซึ้ง หรือ กินใจ อย่าง ใคร เขา เพราะ ฉัน คิด ว่า เพ ลงรัก ที่ มอบให้ เธอ นั้น มัน ควรจะ มี ได้ แค่ เพลง เดียว เท่านั้น พอ ฮู้ ฮู หากว่า มี มากเกินไป คำหวาน ซึ้ง ใด ใด ฮ้า ฮา อาจจะ ทำให้ ความหมาย น้อยลง ไป อยาก ให้ รู้ ให้ เรา สื่อสาร ผ่าน ดวงตา ทุกครั้งที่ มอง กัน ให้ เธอ รับ และ รู้ เอาไว้ ว่า ฉัน ไม่ เคย หาย ไป ดาว บน ฟ้า ที่ เลือนลาง เพราะ แสง ของ เมือง ใหญ่ แต่ว่า มัน ไม่ เคย จากไป ไหน โฮ้ว เพราะ ปกติ ฉัน พูด ไม่ เก่ง เธอ ก็ คงจะ รับ และ รู้เรื่อง นี้ ดีกว่า ใคร ใคร และ เหตุผล ที่ ฉัน ไม่ พูด อะไร ฮา ฮ้า ฮา ที่ หวาน ซึ้ง หรือ กินใจ อย่าง ใคร เขา เพราะ ฉัน คิด ว่า เพ ลงรัก ที่ มอบให้ เธอ นั้น มัน ควรจะ มี ได้ แค่ เพลง เดียว เท่านั้น พอ หากว่า มี มากเกินไป คำหวาน ซึ้ง ใด ใด อาจจะ ทำให้ ความหมาย น้อยลง ไป เช่นเดียวกับ คำ ว่า รัก หาก พูด บ่อย บ่อยครั้ง กลัว เธอ จะ ไม่ รู้สึก ซึ้ง เหมือน เมื่อก่อน ถึง ไม่ค่อย ได้ พูด ไป แต่ว่า ข้างใน ใจ คน คน นี้ รัก เธอ มากกว่า ผู้ใด อยาก ให้ รู้ Thats the only one love song for you เพลง ที่ ฉัน เขียน ให้ เธอ จะ ไม่ มี วัน หมด ความหมาย ต่อให้ ฉัน ไม่ อยู่ อีกแล้ว หรือว่า ร้อย ปี พ้นไป รัก ของ ฉัน จะ อยู่ ตลอดไป เพราะ ฉัน คิด ว่า เพ ลงรัก ที่ มอบให้ เธอ นั้น มัน ควรจะ มี ได้ แค่ เพลง เดียว เท่านั้น พอ หากว่า มี มากเกินไป คำหวาน ซึ้ง ใด ใด อาจจะ ทำให้ ความหมาย น้อยลง ไป เช่นเดียวกับ คำ ว่า รัก หาก พูด บ่อย บ่อยครั้ง กลัว เธอ จะ ไม่ รู้สึก ซึ้ง เหมือน เมื่อก่อน เหมือน เมื่อก่อน ถึง ไม่ค่อย ได้ พูด ไป แต่ว่า ข้างใน ใจ คน คน นี้ รัก เธอ มากกว่า ผู้ใด อยาก ให้ รู้,เพลงรัก,Three Man Down
เลือก คน ที่ เขา รัก เรา มัน ยาก ตรงไหน วะ เธอ มา ถาม ว่า เหนื่อย ไหม ที่ ต้อง คอย ซับ น้ำตา ให้ เธอ ใน วันที่ เขา ทำร้าย เธอ มา ฉัน แค่ ยิ้ม แกล้ง หัวเราะ แล้วก็ ตอบ เธอ ไป ไม่เป็นไร ให้ เธอ ห่วง ตัวเอง พอแล้ว ทั้งที่ ใน ใจ อยาก จะ กอด เธอ เอาไว้ ไม่ ให้ กลับ ไปหา เขา ถ้า เขา ไม่ รัก เธอ ควร จ พัก ก่อน ดี ไหม ถ้า เขา ไม่ รัก ฉัน ว่า เธอ ควรจะ ปล่อย เขา ไป ให้ ฉัน คน นี้ ให้ ฉัน คน นี้ กอด เธอ ไว้ เพราะ เธอ ก็ รู้ ว่า ฉัน ไม่ เคย ทำ เธอ เสียใจ ฉัน ก็ ถาม เธอ เหนื่อย ไหม ที่ ต้อง คอย เสียน้ำตา ให้ กับ เขา จน เธอ ไม่ รู้ เป็น ครั้ง ที่ เท่าไหร่ เธอ ก็ คิด แล้วก็ ร้องไห้ อีกครั้ง สิ่ง เดียว ที่ ต้องการ ก็ คือ เธอ อยาก เจอ แต่ เขา ฉัน ต้อง ทำ ยังไง อยาก จะ กอด เธอ เอาไว้ ไม่ ให้ กลับ ไปหา เขา ถ้า เขา ไม่ รัก เธอ ควร จ พัก ก่อน ดี ไหม ถ้า เขา ไม่ รัก ฉัน ว่า เธอ ควรจะ ปล่อย เขา ไป ให้ ฉัน คน นี้ ให้ ฉัน คน นี้ กอด เธอ ไว้ เพราะ เธอ ก็ รู้ ว่า ฉัน ไม่ เคย ทำ เธอ เสียใจ เธอ แค่ ต้อง เลือก สิ่ง ที่ ดี ที่สุด ใช่ไหม แต่ ฉัน ไม่ รู้ เลย ว่า เขา มี ดี ยังไง เธอ ถึง ได้ รัก เขา ไป หมด ทั้ง หัวใจ ลอง เปลี่ยน มา เลือก คน ที่ เขา รัก เรา ได้ ไหม ถ้า เขา ไม่ รัก เธอ ควร จ พัก ก่อน ดี ไหม ถ้า เขา ไม่ รัก ฉัน ว่า เธอ ควรจะ ปล่อย เขา ไป ให้ ฉัน คน นี้ ให้ ฉัน คน นี้ กอด เธอ ไว้ เพราะ เธอ ก็ รู้ ว่า ฉัน ไม่ เคย ทำ เธอ เสียใจ ถ้า เขา ไม่ รัก เธอ ควร จ พัก ก่อน ดี ไหม ถ้า เขา ไม่ รัก ฉัน ว่า เธอ ควรจะ ปล่อย เขา ไป ให้ ฉัน คน นี้ ให้ ฉัน คน นี้ กอด เธอ ไว้ เพราะ เธอ ก็ รู้ ว่า ฉัน ไม่ เคย ทำ เธอ เสียใจ เพราะ เธอ ก็ รู้ ว่า ฉัน ไม่ เคย ทำ เธอ เสียใจ เลือก คน ที่ เขา รัก เรา มัน ยาก ตรงไหน วะ,เลือกคนที่เขารักเรา,Three Man Down
มัน คงจะ พูด ยาก เวลา ที่ เรา นั้น อยาก จะ พูดมาก แค่ อยาก ทำความรู้จัก กับ คน ที่ เรา นั้น แม่ ง โคตร ชอบ มาก ไม่ รู้ จะ พูด ยังไง มัน กลัว ว่า คุณ ไม่ คิด อะไร กลัว จะ เสร่อ มากเกินไป มัน กลัว เวลา ที่จะ ต้อง ทัก หรือ เข้าไป จีบ ใคร เพราะ ลักษณะ ของ ผม มัน คง ไม่ ตรง สเป็ก เป็น ชาย แท้ เตะ บอล สูบบุหรี่ แล้ว ยัง เสือก ขี้ เก๊ก แค่ อยาก จะ มี คุณ ให้ ผม ได้ เรียก ว่า ตัวเล็ก ให้ หัวใจ ที่ หมองหม่น ดวง นี้ ได้ กลับมา รีเซ็ต ไม่ มี ใคร รู้ ว่า ภายในใจ ฉัน แสน ปั่นป่วน สัก เท่าไร เมื่อ ได้ สบตา กับ เธอ ใน ตอนนี้ เธอ คง ไม่ รู้ ว่า ใน นา ทีนี้ มัน ช่าง ดี มัน ช่าง ดี แค่ ไหน แค่ ได้ เฝ้า มองดู เธอ อยู่ ตรง ที่ มุม นี้ ได้ นั่ง คิด หา วิธี ที่จะ เข้าไป ทำความรู้จัก แค่ ได้ รู้ ว่า ตัวเอง กำลัง มี ความรัก แม้ว่า มี เพียง ฉัน ที่ คิด เอง อยู่ คนเดียว เธอ ทำให้ ฉัน ไม่ต้อง คิดถึง อดีต ลืม เรื่องราว ที่เกิด และ ฉัน ไม่ สน จะ เกิด อะไร ใน วันพรุ่งนี้ ชีวิต ของ ฉัน สำคัญ แค่ ช่วง เวลานี้ ช่วง เวลานี้ แค่ เรา แค่ อยาก จะ บอ กว่า เธอ ตัวเล็ก ตรง สเป็ก แต่ respect คุณ อะ bebe เลย ไม่ คิด จะ เดิน ไป เช็ก ได้ แต่ keep เอาไว้ ใน save S smoking with ma gang กระซิบ ลง ไป ใน เพลง Shit shit บางที ผม อาจจะ คิด ไป เอง woah Mae may I introduce ผม ก็ ไม่ค่อย จะ พริ้ว และ ผม ก็ ไม่ รู้ ว่า จะ พูด อะไร มาก นอกจาก spit my name ขอโทษ ผม stupid kid คณิต ไม่ มี คะแนน But let you know now I wanna pick you in ma plan woah เธอ ทำให้ วันนี้ ฉัน คิดถึง เธอ อีก เธอ ทำให้ ฉัน อยาก นอน ตื่น มา กับ วันพรุ่งนี้ ชีวิต ของ ฉัน สำคัญ แค่ ช่วง เวลานี้ ฉันนั้น ขอ เพียง แค่ ได้ เฝ้า มองดู เธอ อยู่ ตรง ที่ มุม นี้ ได้ นั่ง คิด หา วิธี ที่จะ เข้าไป ทำความรู้จัก แค่ ได้ รู้ ว่า ตัวเอง กำลัง มี ความรัก แม้ว่า มี เพียง ฉัน ที่ คิด เอง อยู่ คนเดียว เธอ ทำให้ ฉัน ไม่ต้อง คิดถึง อดีต ลืม เรื่องราว ที่เกิด และ ฉัน ไม่ สน จะ เกิด อะไร ใน วันพรุ่งนี้ ชีวิต ของ ฉัน สำคัญ แค่ ช่วง เวลานี้ ช่วง เวลานี้ แค่ เรา,goodboi,Yented
ถ้าหาก ได้ รู้ ว่า เธอ จะ ไป จะ ไม่ รั้ง ไม่ มา เสียใจ ให้ เธอ เห็น ต่อให้ รัก เนิ่นนาน เท่าไหร่ คน ที่ คบ ก็ ทิ้ง กัน ไป อยู่ดี โอ้ว พอแล้ว กับ การเปลี่ยนแปลง อะไร แบบนี้ ต่อให้ ฉัน รัก เธอ เท่าไหร่ แต่ สุดท้าย แล้ว เธอ ก็ ไป อยู่ดี อ้อนวอน ให้ เธอ นั้น ย้อน กลับมา เธอ บอก อย่า เสียเวลา เสียน้ำตา ช่วย ออก ไป จาก ชีวิต ของ เธอ ปล่อย ให้ได้ เจอ คน ที่ ดีกว่า รัก กัน มาก เท่าไร ก็ ยิ่ง เสียใจ เธอ บอก ทำไม ไม่ เป็น แบบ นั้น ทำ แบบนี้ จากกัน ไป ด้วยดี จบกัน ไป สักที เธอ จะ ได้ ไม่ เสียเวลา คำ ลา ที่ เธอ พูด มา ช่าง ดู ง่ายดาย เหลือเกิน ง่าย เสีย จน ดูเหมือน เธอ ไม่ เคย ที่จะ รัก กัน เลย ที่ผ่านมา เธอ เตรียม บอกลา อยู่ ก่อน แล้ว ก่อนที่ ฉัน จะ รัก เธอ หมด แล้ว ทั้ง ใจ ก่อนที่ ใคร คน นั้น จะ พราก เธอ จาก ฉัน ไป ก่อนที่ เรื่องราว ปวดร้าว หัวใจ จะ มี แค่ ฉัน เท่านั้น ที่ ทรมาน ถ้าหาก ได้ รู้ ว่า เธอ จะ ไป จะ ไม่ รั้ง ไม่ มา เสียใจ ให้ เธอ เห็น ต่อให้ รัก เนิ่นนาน เท่าไหร่ คน ที่ คบ ก็ ทิ้ง กัน ไป อยู่ดี โอ้ว พอแล้ว กับ การเปลี่ยนแปลง อะไร แบบนี้ ต่อให้ ฉัน รัก เธอ เท่าไหร่ แต่ สุดท้าย แล้ว เธอ ก็ ไป อยู่ดี ที่ ฉัน ฟูมฟาย ไม่ ใช่ เพราะว่า ฉัน เสียดาย แต่ เป็น เพราะว่า ฉัน ยัง รัก เธอ ต่อ แต่ นี้ ฉัน พอ จะ ไม่ รอ จะ ไม่ ขอ ให้ เรา ได้มา รัก กัน อีกแล้ว ถ้าหาก ได้ รู้ ว่า เธอ จะ ไป จะ ไม่ รั้ง ไม่ มา เสียใจ ให้ เธอ เห็น เฮ้อ เฮอ รัก เธอ รัก ต่อให้ รัก เนิ่นนาน เท่าไหร่ โฮ้ รัก เนิ่นนาน คน ที่ คบ ก็ ทิ้ง กัน ไป อยู่ดี ทิ้ง กัน ไป อยู่ดี โฮ้ โอ โอ้ว พอแล้ว พอแล้ว กับ การเปลี่ยนแปลง อะไร แบบนี้ ต่อให้ ฉัน รัก เธอ เท่าไหร่ แต่ สุดท้าย แล้ว เธอ ก็ ไป อยู่ดี ฮู้ ฮู,ถ้าหาก,Yented
เจ็บ ปวดใจ ใคร เตือน ก็ ไม่ ฟัง พร้อม พัง ทุกอย่าง เกลียด ตัวเอง ที่ ทน ทำ ทุก ทาง แม้ จะ ต้อง เจ็บ ฉัน ไม่ รู้ ต้อง เจอ อะไร แต่เพียง ขอ แค่ มี เธอ ฉัน ไม่ สน จะ เป็น ยังไง แต่เพียง ขอ แค่ มี เธอ ก็ พอ บางที เธอ ก็ดี บางที เธอ ก็ ร้าย บางที เธอ ก็ หาย บางที เธอ ก็ คล้าย ไม่ ได้คิด อะไร เลย บางที เธอ ก็ดี บางที เธอ ก็ เฉย บางที เธอ เฉลย ว่า ตัว เธอ ไม่ เคย รู้สึก อะไร นะ แต่ ฉัน ยอม ทำ ทุกอย่าง เพื่อ เธอ ไม่ ว่า จะ ต้อง เจอ เรื่อง ยาก แค่ ไหน ฉัน พร้อม จะ ยอมรับ เมื่อวาน เธอ ยัง ดี วันนี้ เธอ กลับ มา ทำให้ ฉัน สับสน เจ็บ ปวดใจ ใคร เตือน ก็ ไม่ ฟัง พร้อม พัง ทุกอย่าง เกลียด ตัวเอง ที่ ทน ทำ ทุก ทาง แม้ จะ ต้อง เจ็บ ฉัน ไม่ รู้ ต้อง เจอ อะไร แต่เพียง ขอ แค่ มี เธอ ฉัน ไม่ สน จะ เป็น ยังไง แต่เพียง ขอ แค่ มี เธอ ก็ พอ ไม่ อาจจะ หลบ จา กรัก และ บอกลา ตั้งแต่ เธอ เข้ามา เหมือนว่า จะ ไม่ หลุดพ้น ถ้า ไม่ ใช่ เธอ ตัว ฉัน ไม่ อาจ ทน แค่ เธอ ผู้เดียว เจ็บ ปวดใจ ใคร เตือน ก็ ไม่ ฟัง พร้อม พัง ทุกอย่าง เกลียด ตัวเอง ที่ ทน ทำ ทุก ทาง แม้ จะ ต้อง เจ็บ ฉัน ไม่ รู้ ต้อง เจอ อะไร แต่เพียง ขอ แค่ มี เธอ ขอ แค่ มี เธอ ฉัน ไม่ สน จะ เป็น ยังไง แต่เพียง ขอ แค่ มี เธอ ก็ พอ,พร้อมพัง,Yented
แสงอาทิตย์ สะท้อน ผ่าน ร่างกาย ของ เธอ ใน ช่วงเวลา สิบ แปด นาฬิกา บน ถนน วิภาวดี เธอ ทำให้ คน ที่ เฉยชา กลับมา มีชีวิตชีวา อีกครั้ง เธอ ทำให้ ฉัน ได้ มีชีวิต ใหม่ ใน ร่างกาย เดิม จะ บอก ให้ เธอ ได้ รู้ ว่า ไม่ มี อะไร ที่ ฉัน ต้องการ ไป กว่า เธอ อีกแล้ว ไม่ มี อะไร อยู่ บน ถนน และ เพลง ที่ เธอ เปิด ฟัง ทุกครั้ง แต่ สิ่ง ที่ ฉัน ชอบ ฟัง คือ เสียง ที่ ดัง ออก มาจาก เธอ จะ บอก ให้ เธอ ได้ รู้ ว่า ไม่ มี อะไร ที่ ฉัน ต้องการ ไป กว่า เธอ อีกแล้ว ไม่ มี อะไร เธอ ทำให้ คน ที่ เฉยชา กลับมา มีชีวิตชีวา อีกครั้ง เธอ ทำให้ ฉัน ได้ มีชีวิต ใหม่ ใน ร่างกาย เดิม จะ บอก ให้ เธอ ได้ รู้ ว่า ไม่ มี อะไร ที่ ฉัน ต้องการ ไป กว่า เธอ อีกแล้ว ไม่ มี อะไร จะ บอก ให้ เธอ ได้ รู้ ว่า ไม่ มี อะไร ที่ ฉัน ต้องการ ไป กว่า เธอ อีกแล้ว ไม่ มี อะไร,วิภาวดี,Yented
อีก กี่ เดือน จะ ได้ พบ เธอ อีก ครา เก็บตัว อยู่ รอ ให้ เธอ กลับมา ไม่ รู้ วันใด จะ ได้ เจอ เธอ ใหม่ อีกครั้ง เบื่อ กับ การ คิดถึง เธอ อย่างนี้ เมื่อไหร่ จะ ได้ ใกล้ เธอ ทำได้ แค่ รอเวลา เมื่อไหร่ เธอ นั้น จะ มา oh baby ได้ แต่ เฝ้าดู รูป เธอ ผ่าน จอ อยู่ ใน ห้องนอน ที่ หมอน ของ ฉันนั้น มี เส้น ผม ของ เธอ อยู่ สิ่ง หนึ่ง ที่ ฉัน เอง ไม่ เคย เข้าใจ ทำไม พระเจ้า ออกแบบ คุณ มา ได้ สวยงาม เหลือเกิน Baby คิดถึง เธอ ให้ ฉัน เจอ เธอ สักหน่อย ได้ ไหม ถ้าหากว่า พรุ่งนี้ เธอ ไม่ รีบ ไป ไหน พบ เจอกัน หน่อย ดี ไหม Baby คิดถึง เธอ ให้ ฉัน เจอ เธอ สักที ได้ ไหม เพราะ มัน คิดถึง เธอ จน แทบ ขาดใจ คิดถึง เธอ ไม่ ไหว เธอ เป็น เหมือน คำตอบ เวลา ที่ ไม่ เข้าใจ ใน บางเวลา ที่ ไม่ มี เธอ โลก ช่าง ไม่ สดใส ทุกสิ่ง ต้องการ เธอ ในเวลานี้ ต้องการ เจอ และ ต้องการ เธอ ให้ อยู่ ตรงนี้ ฉัน รู้ ว่า ทุกอย่าง ที่ ได้ ทำ มัน เป็น เพราะ ฉัน คิดถึง เธอ Baby เธอ โปรด กลับมา ได้ แต่ เฝ้าดู รูป เธอ ผ่าน จอ อยู่ ใน ห้องนอน ที่ หมอน ของ ฉันนั้น มี เส้น ผม ของ เธอ อยู่ สิ่ง หนึ่ง ที่ ฉัน เอง ไม่ เคย เข้าใจ ทำไม พระเจ้า ออกแบบ คุณ มา ได้ สวยงาม เหลือเกิน Baby คิดถึง เธอ ให้ ฉัน เจอ เธอ สักหน่อย ได้ ไหม ถ้าหากว่า พรุ่งนี้ เธอ ไม่ รีบ ไป ไหน พบ เจอกัน หน่อย ดี ไหม Baby คิดถึง เธอ ให้ ฉัน เจอ เธอ สักที ได้ ไหม เพราะ มัน คิดถึง เธอ จน แทบ ขาดใจ คิดถึง เธอ ไม่ ไหว Baby คิดถึง เธอ ให้ ฉัน เจอ เธอ สักหน่อย ได้ ไหม ถ้าหากว่า พรุ่งนี้ เธอ ไม่ รีบ ไป ไหน พบ เจอกัน หน่อย ดี ไหม Baby คิดถึง เธอ ให้ ฉัน เจอ เธอ สักที ได้ ไหม เพราะ มัน คิดถึง เธอ จน แทบ ขาดใจ คิดถึง เธอ ไม่ ไหว,ว้าวุ่น (On A Date),Yented
นาฬิกา บอก หัวใจ เต็มที เปิดใจ ให้ จอง ห้อง หัวใจ ทั้ง สี่ เต้นรำ อย่าง เมามัน ใน ร้าน ราตรี เพื่อ คอย เธอ มา คอย เธอ มา หยุด และ ยัก สั่น ทุกที ที่ เจอะ เธอ ลอง ไป คุย อีก สักที คง ได้ เบอร์ ตรง ไป บอก เธอ ว่า ฉัน หลงละเมอ คอย เธอ มา คอย เธอ มา ส่ง นัย ตาหวาน ให้ ติด ตรึงตรา แล้ว เธอ ก็ เดิน หาย ไป เหมือน ดั่ง นินจา หยอกเย้า แว้บ ไป แว้บ มา แล้ว เธอ ก็ หาย ไป บอก แต่ คำหวาน ให้ สุข อุรา แล้ว เธอ ก็ เดิน หาย ไป เหมือน ดั่ง นินจา หยิบ แก้ว ชน ไป ชน มา แล้ว เธอ ก็ หาย เที่ยงคืน ฉัน ออกมา คอย เธอ ก็ ลั่น ลัน ลา โอ้ เธอ เจ้า ซิ น เด อ เร ล ล่า เจอ เธอ ไม่ ทัน ร่ำลา โอ้ เธอ เจ้า ซิ น เด อ เร ล ล่า เธอ เอาแต่ ลั่น ลัน ลา โอ้ เธอ เจ้า ซิ น เด อ เร ล ล่า ฉัน คง กลับบ้าน นอน แล้ว ร้องไห้ โอ้ว ว นาฬิกา บอ กว่า เกิน เที่ยงคืน แค่ เธอ คนเดียว จะ ไม่ มอง คนอื่น บทเพลง ยัง ดังใจ ยัง หวัง พบ เธอ อยู่ คอย เธอ มา คอย เธอ มา เมียง และ มอง ส่อง เท่าไร ไม่ เจอะ เจอ ขอ สักครั้ง อยาก แค่ ลอง รู้จัก เธอ ดู อาการ ว่า คืนนี้ ต้อง รอเก้อ คอย เธอ มา คอย เธอ มา ส่ง นัย ตาหวาน ให้ ติด ตรึงตรา แล้ว เธอ ก็ เดิน หาย ไป เหมือน ดั่ง นินจา หยอกเย้า แว้บ ไป แว้บ มา แล้ว เธอ ก็ หาย ไป บอก แต่ คำหวาน ให้ สุข อุรา แล้ว เธอ ก็ เดิน หาย ไป เหมือน ดั่ง นินจา หยิบ แก้ว ชน ไป ชน มา แล้ว เธอ ก็ หาย เที่ยงคืน ฉัน ออกมา คอย เธอ ก็ ลั่น ลัน ลา โอ้ เธอ เจ้า ซิ น เด อ เร ล ล่า เจอ เธอ ไม่ ทัน ร่ำลา โอ้ เธอ เจ้า ซิ น เด อ เร ล ล่า เธอ เอาแต่ ลั่น ลัน ลา โอ้ เธอ เจ้า ซิ น เด อ เร ล ล่า ฉัน คง กลับบ้าน นอน แล้ว ร้องไห้ โอ้ว ว ส่ง นัย ตาหวาน ให้ ติด ตรึงตรา แล้ว เธอ ก็ เดิน หาย ไป เหมือน ดั่ง นินจา หยอกเย้า แว้บ ไป แว้บ มา แล้ว เธอ ก็ หาย ไป บอก แต่ คำหวาน ให้ สุข อุรา แล้ว เธอ ก็ เดิน หาย ไป เหมือน ดั่ง นินจา หยิบ แก้ว ชน ไป ชน มา แล้ว เธอ ก็ หาย เที่ยงคืน ฉัน ออกมา คอย เธอ ก็ ลั่น ลัน ลา โอ้ เธอ เจ้า ซิ น เด อ เร ล ล่า เจอ เธอ ไม่ ทัน ร่ำลา โอ้ เธอ เจ้า ซิ น เด อ เร ล ล่า เธอ เอาแต่ ลั่น ลัน ลา โอ้ เธอ เจ้า ซิ น เด อ เร ล ล่า ฉัน คง กลับบ้าน นอน แล้ว ร้องไห้ ฉัน ออกมา คอย เธอ ก็ ลั่น ลัน ลา โอ้ เธอ เจ้า ซิ น เด อ เร ล ล่า เจอ เธอ ไม่ ทัน ร่ำลา โอ้ เธอ เจ้า ซิ น เด อ เร ล ล่า เธอ เอาแต่ ลั่น ลัน ลา โอ้ เธอ เจ้า ซิ น เด อ เร ล ล่า ฉัน คง กลับบ้าน นอน ด้วย มือเปล่า โอ้ว ว,Cinderella,แทททูคัลเลอร์
เห็น เธอ มา กับ เขา พอดี ใน คืนนี้ อยู่ ไม่ ไกล ยิ้ม ให้ เธอ แค่ ทัก แค่ ทาย นิดหน่อย คน เคย รู้ใจ นั่ง ฟังเพลง ที่ ร้อง บรรเลง เกี่ยวกับ รัก ที่ เสียใจ นั่ง เพลิน ๆ แล้ว เธอ เดิน มา พูดคุย สบาย หรือ ไร ขอบคุณ ที่ เข้ามา ทัก ฉัน เห็น เขา อยู่ ตรงนั้น สายตา ที่ มอง อย่างนั้น เหมือน ไม่ พอใจ ที่ เห็น เธอ อยู่ กับ ฉัน ที่นั่ง กัน อยู่ ตรงนี้ ฉัน ว่า บางที เขา อาจจะ คิด ไป ไกล ฝาก ไป บอก เขา ที ว่า ไม่ มี เรา ต่อไป รู้ ตัวดี และ เข้าใจ ฉัน มัน เป็น อะไร ไม่ ใช่ ใคร ที่ เธอ รัก อยู่ ฉัน ก็ รู้ ต้อง เดิน คนเดียว จากนี้ไป ฝาก ไป บอก เขา เลย ว่า ไม่ เคย มี ติดใจ รู้ ว่า รัก กัน เท่าไหร่ ฉัน ต้อง ทำ ยังไง เย็น ไว้ ฉัน รู้ดี ถ้า เธอ เลือก ที่จะ ไป จะ วัน ไหน ยังไง เรา จบกัน แล้ว รัก กัน ดี เห็น ซึ้ง กัน ดี คน ๆ นี้ คง มั่นใจ อย่า พูด กัน นาน กลัว ว่า เขา รำคาญ ไม่ อยาก ให้ ใคร เสียใจ ขอบคุณ ที่ เข้ามา ทัก ฉัน เห็น เขา อยู่ ตรงนั้น สายตา ที่ มอง อย่างนั้น เหมือน ไม่ พอใจ ที่ เห็น เธอ อยู่ กับ ฉัน ที่นั่ง กัน อยู่ ตรงนี้ ฉัน ว่า บางที เขา อาจจะ คิด ไป ไกล ฝาก ไป บอก เขา ที ว่า ไม่ มี เรา ต่อไป รู้ ตัวดี และ เข้าใจ ฉัน มัน เป็น อะไร ไม่ ใช่ ใคร ที่ เธอ รัก อยู่ ฉัน ก็ รู้ ต้อง เดิน คนเดียว จากนี้ไป ฝาก ไป บอก เขา เลย ว่า ไม่ เคย มี ติดใจ รู้ ว่า รัก กัน เท่าไหร่ ฉัน ต้อง ทำ ยังไง เย็น ไว้ ฉัน รู้ดี ถ้า เธอ เลือก ที่จะ ไป จะ วัน ไหน ยังไง เรา จบกัน แล้ว ฝาก ไป บอก เขา ที ว่า ไม่ มี เรา ต่อไป รู้ ตัวดี และ เข้าใจ ฉัน มัน เป็น อะไร ไม่ ใช่ ใคร ที่ เธอ รัก อยู่ ฉัน ก็ รู้ ต้อง เดิน คนเดียว จากนี้ไป ฝาก ไป บอก เขา เลย ว่า ไม่ เคย มี ติดใจ รู้ ว่า รัก กัน เท่าไหร่ ฉัน ต้อง ทำ ยังไง เย็น ไว้ ฉัน รู้ดี ถ้า เธอ เลือก ที่จะ ไป จะ วัน ไหน ยังไง เรา จบกัน แล้ว วัน เวลา ที่ ผ่าน ไป ช้า ๆ ช่วย ทำให้ ลืม เรื่อง ที่แล้ว มา ลืม ความรัก เจ็บช้ำ ครั้งก่อน สุดท้าย คง ต้อง ยอม และ ฉัน พร้อม จะ เดิน คนเดียว จากนี้ไป ฝาก ไป บอก เขา ที วัน เวลา ที่ ผ่าน ไป ครั้งนั้น ก็ คง ต้อง เก็บ เป็น แค่ ฝัน ไป ใน วันนี้ เธอ พบ คน ใหม่ ฉัน ต้อง ยอม เข้าใจ เมื่อ เธอ เลือก ที่จะ ไป จะ วัน ไหน ยังไง เรา จบกัน แล้ว,ฝากที,แทททูคัลเลอร์
คิด อยู่ ว่า ต้อง ทน ไหว จะ ทุกข์ จะ ทน เท่าไร ความรัก จะ พา หัวใจ ไป คิด เอง ว่า ต้อง ทน ไหว แต่ ยิ่ง ทุกข์ ยิ่ง ทน เท่าไร ความรัก ที่ มี ยิ่ง หาย ไป จะ โทษ ดิน จะ โทษ น้ำ จะ โทษ เดือน และ ดาว กับ เรื่องราว ที่ ปวดร้าว ที่ เธอ มา ทำ แล้ว หนี ไป ฟ้า ถ้า ไม่ ส่ง มา ให้ เธอ มีใจ บอก กัน สัก คำ เป็นไร ว่า เหตุใด ต้อง มา ทำร้าย กัน จากนี้ เรื่องราว ที่ มี ก็ ให้ ลืม มัน ไป อย่า จำ ว่า เคย เป็น ใคร ว่า มี ใคร ที่ เคย ทำร้าย คน อย่าง ฉัน ทุกวัน จวบจน วันนี้ ชีวิต ที่ เรา ต้อง มี จากนี้ ต้อง ทำตัว เช่นไร น้ำตา ที่ ยัง ริน ไหล จาก ความรัก ที่ มี ทั้ง ใจ สุดท้าย เขา นั้น หาย ไป จะ โทษ ดิน จะ โทษ น้ำ จะ โทษ เดือน และ ดาว กับ เรื่องราว ที่ ปวดร้าว ที่ เธอ มา ทำ แล้ว หนี ไป ฟ้า ถ้า ไม่ ส่ง มา ให้ เธอ มีใจ บอก กัน สัก คำ เป็นไร ว่า เหตุใด ต้อง มา ทำร้าย กัน จากนี้ เรื่องราว ที่ มี ก็ ให้ ลืม มัน ไป อย่า จำ ว่า เคย เป็น ใคร ว่า มี ใคร ที่ เคย ทำร้าย จบกัน สักที จบกัน แค่นี้ ไม่ มี ใคร มี แต่ ฟ้า ที่ มอง มา เห็น น้ำตา จากนี้ไป โปรด เถิด ฟ้า ถ้า ไม่ ส่ง มา ให้ เธอ มีใจ ก็ บอก กัน ได้ ไหม โอ โอ้ว โอ โอ เหตุใด ต้อง มา ทำร้าย กัน จากนี้ เรื่องราว ที่ มี ก็ ให้ ลืม มัน ไป อย่า จำได้ ไหม ว่า มี ใคร ที่ เคย ทำร้าย ว่า มี ใคร ที่มา ทำร้าย คน อย่าง ฉัน,ฟ้า,แทททูคัลเลอร์
ฉัน ได้ยิน เสียงเพลง ของ เรา ที่ บรรเลง ขึ้น มา เหมือน ได้ กลับ ไป สู่ เวลา ที่ เคย มี กันและกัน เป็น เพลง ที่ เคย ได้ ฟัง ตั้ง นาน แต่ ลืม มัน ไป แต่ ถ้าหาก ได้ยิน เมื่อไร ก็ กลับ ร้องไห้ ออกมา ยังคง รับรู้ ถึง ความรู้สึก ยังคง คิดถึง เมื่อ วันที่ ผ่าน ภาพ ความทรงจำ ทุกครั้ง จะ คืน กลับมา อยู่ ข้างใน ใจ ทำให้ รับรู้ แม้ เรา ได้ จาก ทาง ที่ เรา เดิน แม้ มัน จะ ห่าง แต่ ภาพ ความรัก ที่ มี ให้ กัน ยัง เก็บ เอาไว้ ยังอยู่ ตรงนี้ ยังมี เพลง ของ สอง เรา ที่ ทำให้ รู้สึก ดี จากนี้ไป เรา นั้น ไม่ มี วัน กลับ มาหา แต่ เสียงเพลง ได้ พา ฉัน เดินทาง กลับ ไป ใน คืน วันที่ ฉัน มี เธอ แม้ เรื่องราว ของ เรา ถึง มัน จะ นาน และ ผ่าน มา ไกล เรา ต่าง ได้ เจอ กับ ใคร อะไร ที่ ไม่ เหมือนกัน แต่ เมื่อ เพลง ของ เรา ได้ ร้อง บรรเลง ขึ้น มา เมื่อไร ทุก ความรู้สึก ใน ใจ จะ ยังคง เป็น นิรันดร์ ยังคง รับรู้ ถึง ความรู้สึก ยังคง คิดถึง เมื่อ วันที่ ผ่าน ภาพ ความทรงจำ ทุกครั้ง จะ คืน กลับมา อยู่ ข้างใน ใจ ทำให้ รับรู้ แม้ เรา ได้ จาก ทาง ที่ เรา เดิน แม้ มัน จะ ห่าง แต่ ภาพ ความรัก ที่ มี ให้ กัน ยัง เก็บ เอาไว้ ยังอยู่ ตรงนี้ ยังมี เพลง ของ สอง เรา ที่ ทำให้ รู้สึก ดี จากนี้ไป เรา นั้น ไม่ มี วัน กลับ มาหา แต่ เสียงเพลง ได้ พา ฉัน เดินทาง กลับ ไป ใน คืน วันที่ ฉัน มี เธอ เพลง ที่ เรา เคย ร้อง ด้วยกัน ใน วันนั้น เพลง ที่ มีความหมาย ผูกพัน เมื่อ วันใด ที่ อ่อนล้า สิ่ง เดียว ที่ ได้ พา ฉัน เดินทาง กลับ ไป,เพลงของเรา,แทททูคัลเลอร์
ทุก ถ้อยคำ พูดจา อ่อนหวาน ช่าง เย้ายวนใจ อ่อนไหว คำหวาน ให้ เรา หลงใหล ปักใจ อยู่ นาน ถ้อยคำ ที่ ใช้ เมื่อ ใจ ต้องการ ทุกเวลา ต้องการ สิ่ง ไหน อยาก ใช้ รีบ มา ที่รัก ได้ ไหม ก็ ยอม ทั้งนั้น ต้องการ อะไร แต่ จาก วันนั้น ไม่ เคย ใส่ใจ บอ กว่า รัก รัก รัก ฉัน โกหก ทั้งนั้น วันนี้ ทุกอย่าง ฉัน รู้ทัน เธอ กลับ เอา ถ้อยคำ ทำร้าย ใจ ครั้งนี้ ฉัน รู้ตัว เกือบจะ สาย ความหมาย ที่ เธอ ว่า รัก เป็น เพียงแค่ การหลอก ใช้ กัน ฉัน จะ ทนไม่ไหว แล้ว ฉัน รัก เธอ กว่า ใคร ผ่าน มา ก็ แค่ หัวใจ ที่ ฉัน ใฝ่หา แต่ เธอ รู้ ไหม ไม่ เคย กลับมา และ คำ สุดท้าย คือ คำ บอกลา บอ กว่า รัก รัก รัก ฉัน โกหก ทั้งนั้น วันนี้ ทุกอย่าง ฉัน รู้ทัน เธอ กลับ เอา ถ้อยคำ ทำร้าย ใจ ครั้งนี้ ฉัน รู้ตัว เกือบจะ สาย ความหมาย ที่ เธอ ว่า รัก เป็น เพียงแค่ การหลอก ใช้ กัน ฉัน จะ ทนไม่ไหว แล้ว ก็ ฉัน รัก เธอ กว่า ใคร ผ่าน มา ก็ แค่ หัวใจ ที่ ฉัน ใฝ่หา แต่ เธอ รู้ ไหม ไม่ เคย กลับมา และ คำ สุดท้าย คือ คำ บอกลา บอ กว่า รัก รัก รัก ฉัน โกหก ทั้งนั้น วันนี้ ทุกอย่าง ฉัน รู้ทัน เธอ กลับ เอา ถ้อยคำ ทำร้าย ใจ ครั้งนี้ ฉัน รู้ตัว เกือบจะ สาย ความหมาย ที่ เธอ ว่า รัก เป็น เพียงแค่ การหลอก ใช้ กัน ไอ้ คำ ว่า รัก กัน เธอ กลับมา ทำร้าย ฉัน คำ ว่า รัก กัน เธอ กลับ เอา คำ นั้น ทิ่มแทง หัวใจ โอะ โอ้ โน วโอะ โอ thank you very good,โกหก,แทททูคัลเลอร์
เธอ ไม่ รัก ฉัน ไม่ รู้ ที่ เธอ ไม่ รัก ฉัน ไม่ รู้ แต่ ที่ รู้ ฉันนั้น รัก เธอ มา ตั้ง นาน เธอ ไม่ คิด ฉัน จะ คิด ว่า เธอ คน นี้ ใช่ ใน ฝัน เข้ากันได้ นะ เท่าไหร่ เธอ จะ ร้อน ฉัน ก็ รัก จะ ยัง เป็นน้ำ ฉัน ก็ รัก เธอ จะ รั้ง ฉัน จะ รัก เธอ ไว้ ด้วยใจ ถ้า เธอ หนี ฉัน จะ ตาม จะ ดำ ลง น้ำ ข้าม ไป ไหน จะ ไป ให้ ถึงใจ เธอ ก็ คน มัน รอ เธอ มา ตั้ง นาน ข้างเดียว แค่ อยาก จะ เกี่ยว เธอ มา ไว้ กอด ทั้งตัว และ ใจ ไม่ ให้ รัก ฉัน จะ รัก ไม่ ให้ สน ฉัน จะ สน ก็ เป็น เหตุผล ของ ใจ ก็ อย่า ลำบาก กับ ใจ ฉัน เลย นะ เธอ แค่ อยาก ให้ เธอ เผื่อ ใจ ให้ ฉัน ได้ ไหม คน มัน รัก ห้าม ได้ ไหม ใจ มัน รัก ห้าม ไม่ ไหว เปิดใจ ได้ ไหม คนดี ถ้า ไม่ รัก คง ไม่ ตื้อ ก็ เธอ อย่า ถือ ฉัน เลย นะ เธอ ชนะ ฉัน อยู่แล้ว หมด ทั้ง หัวใจ ถ้า เธอ พร้อม ฉัน ก็ พร้อม จะ ยอม อ่อนใจ ให้ วัน ไหน จะ ไป คล้อง แขน เลย เธอ ก็ คน มัน รอ เธอ มา ตั้ง นาน ข้างเดียว แค่ อยาก จะ เกี่ยว เธอ มา ไว้ กอด ทั้งตัว และ ใจ ไม่ ให้ รัก ฉัน จะ รัก ไม่ ให้ สน ฉัน จะ สน ก็ เป็น เหตุผล ของ ใจ ก็ อย่า ลำบาก กับ ใจ ฉัน เลย นะ เธอ แค่ อยาก ให้ เธอ เผื่อ ใจ ให้ ฉัน ได้ ไหม คน มัน รัก ห้าม ได้ ไหม ใจ มัน รัก ห้าม ไม่ ไหว เปิดใจ ได้ ไหม คนดี ก็ คน มัน รอ เธอ มา ตั้ง นาน ข้างเดียว แค่ อยาก จะ เกี่ยว เธอ มา ไว้ กอด ทั้งตัว และ ใจ ไม่ ให้ รัก ฉัน จะ รัก ไม่ ให้ สน ฉัน จะ สน ก็ เป็น เหตุผล ของ ใจ ก็ อย่า ลำบาก กับ ใจ ฉัน เลย นะ เธอ แค่ อยาก ให้ เธอ เผื่อ ใจ ให้ ฉัน ได้ ไหม คน มัน รัก ห้าม ได้ ไหม ใจ มัน รัก ห้าม ไม่ ไหว เปิดใจ ได้ ไหม คนดี,คนมันรัก,ไอซ์ ศรัณยู
จั๊ด จา ดา ดา จั๊ดจั๊ด จา ดา ดา จั๊ด จา ดา ดา จั๊ดจั๊ด จา ดา ดา จั๊ด จา ดา ดา จั๊ดจั๊ด จา ดา ดา จั๊ด จา ดา ดา จั๊ดจั๊ด จา ดา ดา ถูกใจ เธอ จนได้ ถูกใจ เธอ จนได้ เมื่อ เธอ มา ทำให้ จิตใจ ของ ชั้น เต้น รัว ยิ่ง เจอ ก็ ยิ่ง ชอบ ยิ่ง ชอบ ก็ ยิ่ง กลัว รู้ ไหม คนดี บางที เธอ ก็ ใช่ บางที ก็ ไม่ ใช่ ดู เธอ มีใจ ให้ แต่บางที เหมือน ไม่ มี ก็ เดา ใจ เธอ ยาก ไม่ รู้ ว่า ที่จริง นั้น คิด ยังไง อย่า ทำให้ รัก เดี๋ยว มัน หลง เดี๋ยว มัน รัก ชั้น ตั้งหลัก ไม่ ทัน เดี๋ยว จะ รั้ง ไว้ ไม่ ไหว รัก มัน ปัก หัวใจ ทำ ไง จะ ดึง ออก ไป ก้อ ดึง ไม่ ออก อย่า ทำให้ คิด ถ้า ไม่ รัก ชั้น สักนิด เข้าใจผิด ขึ้น มา ชั้น ไม่ รับผิดชอบ มา ทำให้ เคลิ้ม ตลอด เดี๋ยว เผลอไป กอด แล้ว เธอ จะ ว่า ยังไง จั๊ด จา ดา ดา จั๊ดจั๊ด จา ดา ดา จั๊ด จา ดา ดา จั๊ดจั๊ด จา ดา ดา จั๊ด จา ดา ดา จั๊ดจั๊ด จา ดา ดา จั๊ด จา ดา ดา จั๊ดจั๊ด จา ดา ดา ก็ คน มัน ใจง่าย ก็ เลย ชอบ คน ง่าย อย่า เลย เธอ ชั้น ไหว้ อย่า ทำให้ ชั้น ใจสั่น บอก มา แค่ สั้น ๆ เธอ รัก ชั้น เหมือนกัน ก็ ว่า กัน ไป อย่า ทำให้ รัก เดี๋ยว มัน หลง เดี๋ยว มัน รัก ชั้น ตั้งหลัก ไม่ ทัน เดี๋ยว จะ รั้ง ไว้ ไม่ ไหว รัก มัน ปัก หัวใจ ทำ ไง จะ ดึง ออก ไป ก้อ ดึง ไม่ ออก อย่า ทำให้ คิด ถ้า ไม่ รัก ชั้น สักนิด เข้าใจผิด ขึ้น มา ชั้น ไม่ รับผิดชอบ มา ทำให้ เคลิ้ม ตลอด เดี๋ยว เผลอไป กอด แล้ว เธอ จะ ว่า ยังไง อย่า ทำให้ รัก เดี๋ยว มัน หลง เดี๋ยว มัน รัก ชั้น ตั้งหลัก ไม่ ทัน เดี๋ยว จะ รั้ง ไว้ ไม่ ไหว รัก มัน ปัก หัวใจ ทำ ไง จะ ดึง ออก ไป ก้อ ดึง ไม่ ออก อย่า ทำให้ คิด ถ้า ไม่ รัก ชั้น สักนิด เข้าใจผิด ขึ้น มา ชั้น ไม่ รับผิดชอบ มา ทำให้ เคลิ้ม ตลอด เดี๋ยว เผลอไป กอด แล้ว เธอ จะ ว่า ยังไง จั๊ด จา ดา ดา จั๊ดจั๊ด จา ดา ดา จั๊ด จา ดา ดา จั๊ดจั๊ด จา ดา ดา จั๊ด จา ดา ดา จั๊ดจั๊ด จา ดา ดา จั๊ด จา ดา ดา จั๊ดจั๊ด จา ดา ดา,คนใจง่าย,ไอซ์ ศรัณยู
เธอ คือ คน ที่ ฉัน ไม่ เคย พบ มา ก่อน เธอ คือ คน ที่ ทำให้ โลก มัน สดใส เธอ คือ คน ที่ มี ตัวตน แค่ ใน รูปถ่าย เท่านั้น ก็ เรื่อง บังเอิญ ที่ ฉัน ได้ มัน มา ไม่ ใช่ ดารา แต่ อยาก เก็บ ไว้ รูป ที่ เธอ ถ่าย ที่ เหมือนว่า จงใจ ส่ง ยิ้ม มา ก็ ฉัน คลั่งไคล้ รูป ใคร ที่ไหน ฉัน ไม่ รู้ เธอ ชื่อ อะไร รู้ แค่ ฉัน ชอบ เธอ ตั้งแต่แรก เจอ ก็ ฉัน หลงใหล รูป คนใน ฝัน ฉัน หวัง ไว้ ให้ พรหมลิขิต ให้ได้ พบ และ เจอ ตัวจริง ของ เธอ เธอ เป็น ใคร ที่ไหน แก้ม เธอ แดง สดใส ปาก บาง ๆ เธอ สีชมพู เธอ เป็น ใคร ไม่ รู้ อยู่ ๆ ฉัน ก็ รัก แต่ว่า ฉัน หลงรัก รูปถ่าย คงจะ ดี ถ้า เรา บังเอิญ ได้ รู้จัก เดิน มา ชน กัน ใน วันหนึ่ง อย่าง ใน หนัง คงจะ ดีกว่า จ้อง มองดู แค่ รูปถ่าย อย่าง ทุกครั้ง ก็ เรื่อง บังเอิญ ที่ ฉัน ได้ มัน มา ไม่ ใช่ ดารา แต่ อยาก เก็บ ไว้ รูป ที่ เธอ ถ่าย ที่ เหมือนว่า จงใจ ส่ง ยิ้ม มา ก็ ฉัน คลั่งไคล้ รูป ใคร ที่ไหน ฉัน ไม่ รู้ เธอ ชื่อ อะไร รู้ แค่ ฉัน ชอบ เธอ ตั้งแต่แรก เจอ ก็ ฉัน หลงใหล รูป คนใน ฝัน ฉัน หวัง ไว้ ให้ พรหมลิขิต ให้ได้ พบ และ เจอ ตัวจริง ของ เธอ เธอ เป็น ใคร ที่ไหน แก้ม เธอ แดง สดใส ปาก บาง ๆ เธอ สีชมพู เธอ เป็น ใคร ไม่ รู้ อยู่ ๆ ฉัน ก็ รัก แต่ว่า ฉัน หลงรัก รูปถ่าย ฉัน คลั่งไคล้ ฉัน หลงใหล ฉัน ไม่ รู้ ว่า เธอ คือ ใคร ฉัน คลั่งไคล้ ฉัน หลงใหล รูป คนใน ฝัน โลก ที่ เป็น ความฝัน ฉัน คือ รูปถ่าย โลก ในความเป็นจริง ฉัน มัน ว่างเปล่า โฮ้ว อ้างอิง httpswwwsiamzonecommusicthailyric 6795,ไฮ-5 (รูปเธอ),ไอซ์ ศรัณยู
